# target (relative to checkout root)	source (in ship)	base_sha256 CRLF (NEW = must not exist)	base_sha256 LF	new_sha256 (ship bytes)	new_sha256 LF	kind	action
AetherionGuilds/src/main/java/de/aetherion/guilds/AetherionGuilds.java	files/AetherionGuilds/src/main/java/de/aetherion/guilds/AetherionGuilds.java	f02cc6691836d8b8c25ee64bffefe1ccfb6aafcb9b2ac509d05cbaa730f3d3a8	96792e322525c77e18551940ff7fcdd9cf70d0220e3b4b735072c3fa3f2ee44e	aaf0e61752e40a490b69629ef4027762bf20869a5d58593fa095b26bfe2adcb8	8d98b619cf529cbc9c21db308483afa81e87760b359aa3ab36e481793371741c	text	write
AetherionGuilds/src/main/java/de/aetherion/guilds/command/GuildCommand.java	files/AetherionGuilds/src/main/java/de/aetherion/guilds/command/GuildCommand.java	830d8c43342107f755f7fed9de7aff779c90f0a05712ae51e7646d8a9554a94d	b16a0581f5a5ce2f17178cfda5ad537e7bda54a5fa770cabf4d79e41ace881f7	c0c5f30b0c87d932e78c64b43e839d6b94537cfa37e2dafdd3e4dddfe78188ad	f4597891c2452d780eed79d5d2352f0a6b76a382d68f2526f64a06526cf9e6ba	text	write
AetherionGuilds/src/main/java/de/aetherion/guilds/command/IslandCommand.java	files/AetherionGuilds/src/main/java/de/aetherion/guilds/command/IslandCommand.java	1f12d858c699cdbc127a30d245249388b56cf2c4b51818867ccf176ff218cbd5	027c603bf46d33b5e034b36b8e8af5104548a691c8a78649e750491b52344c3f	c3f3d6aa21e015f5e25ebf91c0bf35250d82214ce3d6cac51c8e94aa79ea58b6	45e82576521455fdade9f75005bbfd41be291e465e73ff78f283246e30f3ebae	text	write
AetherionGuilds/src/main/java/de/aetherion/guilds/listener/GuildListener.java	files/AetherionGuilds/src/main/java/de/aetherion/guilds/listener/GuildListener.java	c066908c0459c377c005a1d1b6209d2a499898e29200b9a878550f5151159863	1d4730a433d3ace22a054debe27cf1eb5df58d23b9c1bc9b32f3400e3f4e3a62	c599caede2b0bc23326537afaaea3b1a0d5e1f14c3f4475bf128a594e5c59af5	f495c5e51d1e70d09cf112c9f9a9c45fc0dfd0928b11fce989d167e6471bf7bb	text	write
AetherionGuilds/src/main/java/de/aetherion/guilds/menu/GuildMenu.java	files/AetherionGuilds/src/main/java/de/aetherion/guilds/menu/GuildMenu.java	20d7894b8fddc8e0ed0b0aa144b351531fed1c58528ff3af81a26859a7b52191	31b39f43ffedb4ae0d87fc347cd69788157fb6da5357e46e57a2d5c9cdd08502	395c28441c9b5174b3a28807eff464e54e9eff57b54824fb0274fb22c2dfff06	4f47f28d50b0d1339039799c7ef60d5c0fa6b99bd93ae777e620b7d751e7d70f	text	write
AetherionGuilds/src/main/java/de/aetherion/guilds/menu/IslandMenu.java	files/AetherionGuilds/src/main/java/de/aetherion/guilds/menu/IslandMenu.java	3a3a7e73e60078afa14840df0d066c2a936ce7f6db5f1b95afccb900a1329ae5	ebdd68f822a241a25caa9a7579e784fa2d03a1ce03837e1ce976bdc0cc75bb96	c83b47e1959a0df36c0500a688f6f3dc69f3a9790a0cdf8ac1974506c1d42e2c	e2e91483a543fc111d7c70f2c2351a9a57a1d0c9a3bce250f40b3797d540b5d1	text	write
AetherionGuilds/src/main/java/de/aetherion/guilds/menu/QuarryMenu.java	files/AetherionGuilds/src/main/java/de/aetherion/guilds/menu/QuarryMenu.java	ef855537adf79a4aa49ac42d32dde7050a38d7acccc9b2c511ee9caa28b86acd	62aec5861d8f36e313b72fef21731b60b39168307b24f0ef652670cf4d401c9b	b60ae89cc729eabc53a8276efa1bdf57c073e829039be60c48396eff785c0723	f6845a284b311a210235f0f6cee2c84c0d27c9f02958c36f76d347c490a3950f	text	write
AetherionGuilds/src/main/java/de/aetherion/guilds/model/Guild.java	files/AetherionGuilds/src/main/java/de/aetherion/guilds/model/Guild.java	669085b7756c8bfd9a583343c9f744d996cd460bd66929588733e89b1a8aff87	519d9d297445da624695328a44c609a2d32a137b62edabb9659e10a5bd50a22d	cc7fc968ab52e6371db79fa3507dfacf6afe3f7f20c72c3616585b13ec325c8c	b06049bf5479307ebf830919815afabbd6e74a15247bec10b01cc9f7695deb13	text	write
AetherionGuilds/src/main/java/de/aetherion/guilds/model/IslandTiers.java	files/AetherionGuilds/src/main/java/de/aetherion/guilds/model/IslandTiers.java	5556e85f3f144e4ea7b8b50b0e34f54b0722f4edde6587483c4bf2565218ab21	14422cade75bbfa68350382f38c81b35b0ce2ae5eb37da53d6b41edcaf80be00	d51d2d3f1b703196ff6d85fd98d9b6df416e4493b83d534f75140c32f8b950d4	555b3d8c2e67a1b134fc00d2173641abcfebed2665db9b0a2aeff5f4459f51e4	text	write
AetherionGuilds/src/main/java/de/aetherion/guilds/model/PersonalIsland.java	files/AetherionGuilds/src/main/java/de/aetherion/guilds/model/PersonalIsland.java	41e7dae006f68d7701643d996bd825bdf99d74c3fc3c8a3f7b2f1a3cf36dc332	802d81f889568c87dd3ad1cf138b1df646ad2d4f4f8c33949924e3a5feb8bf66	e21ace00b9433c52f777b4440acefd2d82cf6971e6668101c7a232b61b885be2	35ee1c46cde9334ed10481e9d790b7b222669cc46964e6429207aff474b13d15	text	write
AetherionGuilds/src/main/java/de/aetherion/guilds/service/GuildService.java	files/AetherionGuilds/src/main/java/de/aetherion/guilds/service/GuildService.java	dd21312596f0d65545f744d129d915613c99a8bc94ad28f1b4c8c9dc5bc7f932	5c44c7928c8535de1e4d42e59b5371aaf1443d53009c97e7cd7630865bc4d800	083b318f46680ac0c945906183017ec55f5a9550db24ef0ea5f1267eaf26f941	709f6ccaf0408df3778ba99e8181b5c6a834ee1eb0473dafdb0ecb705df08d58	text	write
AetherionGuilds/src/main/java/de/aetherion/guilds/service/IslandService.java	files/AetherionGuilds/src/main/java/de/aetherion/guilds/service/IslandService.java	80a0e6bdfaba9e478f0b148f12e118a939004d0a7812d3cb0657f78b700bd39d	1e838adb5b1a0f21ca449384fd94878d904e149005f393062c4a5bbd2988f9f6	26be0f61b59328bfe803857898ebc869c32117c0d27bca0ddb1021e15630d7c8	e572f8de6d3dfcb5516e3a660ac800b993a0aa9b7f5c398266507fbda10a9ab1	text	write
AetherionGuilds/src/main/java/de/aetherion/guilds/service/MinionService.java	files/AetherionGuilds/src/main/java/de/aetherion/guilds/service/MinionService.java	53e047d3c04f89aaa243805e929013a536b3208d767876aca3765d964c65e62d	21e42f7b3d8fab49712b201cf64d1a8aec99157ba2649dcbc33c8b5a0e3ebcfe	5394cb974a4561326512ea80f5239a7eaaf134bf53bf288ba51b72161fbd7c11	f49ca730f00fa705089239825e1d8f35fd5139734e3b6a561564ff7925420285	text	write
AetherionGuilds/src/main/java/de/aetherion/guilds/service/PersonalIslandService.java	files/AetherionGuilds/src/main/java/de/aetherion/guilds/service/PersonalIslandService.java	8a924c0dbeb51ea0d862b60527ae8e4ed47b2ea4b28621f3688bd90d977fc523	a4b3e3d1187e0e2252d30329384f1fbed0c44592784951117f5cc0f9221d4ea4	99e5163fe1274e579554ca5d75136ca6e0a5633f91aada2b939a302a45d87459	59ea71e086ab67d65077b44adde70476390e9cc458d8bf06b1b7cc469b40cae3	text	write
AetherionGuilds/src/main/resources/config.yml	files/AetherionGuilds/src/main/resources/config.yml	fee040d829298134c8fa86cb9f7b5b3d66ed6e1cdc4a7e1f4a015328b26198cc	6abfcaf17df831d7b6d526b46a7a4eb5d73f8a6ce28b42c64d0ec99dfacf1c1e	19ccdea868f78c88ba530609d8b0c73a59a677ff8f0eeee427e12f276f48f703	46acc0f8cbb223804cfd59ad5f5c5bf86a324bb7fbd15c36a01c04f29d1c8097	text	write
AetherionGuilds/src/main/java/de/aetherion/guilds/island/Highlight.java	files/AetherionGuilds/src/main/java/de/aetherion/guilds/island/Highlight.java	NEW	NEW	aba2c8378e88f427f9e82753cc37f3ecc1d4ddb5033145ee89fbb675ea19426d	92c30269498cf9bb3c3b4f3f9c5b21fec73c3744f48e82675688b902e7728414	text	write
AetherionGuilds/src/main/java/de/aetherion/guilds/island/HostService.java	files/AetherionGuilds/src/main/java/de/aetherion/guilds/island/HostService.java	NEW	NEW	2e36f2c19d5712bd28dd60af165cc175010add2bb7b92f14c2841839db54b8f0	4ea66bf30138fce32ab0baf9268b58e6680ec1c34c03e7a371c60a416c654487	text	write
AetherionGuilds/src/main/java/de/aetherion/guilds/island/IslandHost.java	files/AetherionGuilds/src/main/java/de/aetherion/guilds/island/IslandHost.java	NEW	NEW	4e7215d6b8e3957c5bc9c1f1d424f314cf07508d3c5cdfecdf5aa4727c2734e5	9ea07cd7244fead6d83d9eaee4660e574fd4ae48a5008319cc303fe91982ac3f	text	write
AetherionGuilds/src/main/java/de/aetherion/guilds/island/LandService.java	files/AetherionGuilds/src/main/java/de/aetherion/guilds/island/LandService.java	NEW	NEW	f285f056d23db3d81a02eeb6aa0f9c690776d0b91427ca6049b6d9ab5bb86151	3f3f39c69030d1ff995529e0d9ea9d583fc2966579f7482b77a4b6aaad112998	text	write
AetherionGuilds/src/main/java/de/aetherion/guilds/island/StarterLayout.java	files/AetherionGuilds/src/main/java/de/aetherion/guilds/island/StarterLayout.java	NEW	NEW	5da43dd74416ce5a0bb129413ec38579e94dda1ba31b2941fe1966ee0247a245	b8224918d51af830803be8ba9957d1f68903b3ddfd2be87e84383ecf2b047f42	text	write
AetherionGuilds/src/main/java/de/aetherion/guilds/island/UnlockService.java	files/AetherionGuilds/src/main/java/de/aetherion/guilds/island/UnlockService.java	NEW	NEW	a7ab0c5480b55150827cabb6b89600932a943830563bbee1271cc8d83b0922a5	67679496e0e91da68c85b4900f0497c66b0aadd299002c80f457e584d74f7f53	text	write
AetherionGuilds/src/main/java/de/aetherion/guilds/listener/HighlightListener.java	files/AetherionGuilds/src/main/java/de/aetherion/guilds/listener/HighlightListener.java	NEW	NEW	5d41b764d2026279a2b41cdfef021a8cbe90627d083cebafd8901a2c0f46f917	3beb6fa359adbd16dc18ee2a4e441ce00eff88427580a894958a5ce722242c1b	text	write
AetherionGuilds/src/main/java/de/aetherion/guilds/logistics/Belt.java	files/AetherionGuilds/src/main/java/de/aetherion/guilds/logistics/Belt.java	NEW	NEW	30c73a740125cac10ce232ae182eb3c5a54d829853c5c8f82c99fe953c4bc19f	878f4e5d8f125c131205abf14b0fbaab20903facf23040de7fffc7ace4ac723e	text	write
AetherionGuilds/src/main/java/de/aetherion/guilds/logistics/CargoVisuals.java	files/AetherionGuilds/src/main/java/de/aetherion/guilds/logistics/CargoVisuals.java	NEW	NEW	fe103a615096079fc52de1724d0cf9d0ec1a6593c3a0122974743c973c2f826b	1cc25124d0dcd3b52e6af1f1ded60fb6351a52bf95703aacef18b4e2b5514aee	text	write
AetherionGuilds/src/main/java/de/aetherion/guilds/logistics/LogisticsService.java	files/AetherionGuilds/src/main/java/de/aetherion/guilds/logistics/LogisticsService.java	NEW	NEW	849e664b6d8fc37c245cd3509d9104f9751148f5a86c0a1e791c43aa86f711f6	0531effa8afba5622c1bbcb9223795750b4220c5834de7417fe75dde26c7ef09	text	write
AetherionGuilds/src/main/java/de/aetherion/guilds/logistics/Res.java	files/AetherionGuilds/src/main/java/de/aetherion/guilds/logistics/Res.java	NEW	NEW	66bdc7cd08dcdbdc54d92471354052fcf1a16979d4a46b0b65dea391a8c4710a	760b17b7fe4fadc928c305f8e6ba58c108ba03075debd05bd80b9e7ab75d27ba	text	write
AetherionGuilds/src/main/java/de/aetherion/guilds/menu/BuildMenu.java	files/AetherionGuilds/src/main/java/de/aetherion/guilds/menu/BuildMenu.java	NEW	NEW	5e3501056174668a950312557d956ab284ec3bfd4dbf397a4e155f930cdd7233	6d0c576328e2da64cb189dd3526463e532cbb66e86e13e856cdd4cbdc2733453	text	write
AetherionGuilds/src/main/java/de/aetherion/guilds/menu/GuildProjectMenu.java	files/AetherionGuilds/src/main/java/de/aetherion/guilds/menu/GuildProjectMenu.java	NEW	NEW	a9030ded9bda2cc1ef844081b20fe275b2f413253b2f60b1a093b8b115b3ae99	6fa51079c695bbad13c29806495f7e296fec8dba8d855482eba5880d72e63e74	text	write
AetherionGuilds/src/main/java/de/aetherion/guilds/menu/LandMenu.java	files/AetherionGuilds/src/main/java/de/aetherion/guilds/menu/LandMenu.java	NEW	NEW	00c4c5fb97d5040e1c159d6a3ef546bf73ed7479e46123ab0320ea0d79d501b7	b2e4472a1a5e32cd29b501e65521cb447f9147be320ca76c1e763b5809e3d3ce	text	write
AetherionGuilds/src/main/java/de/aetherion/guilds/menu/MachineMenu.java	files/AetherionGuilds/src/main/java/de/aetherion/guilds/menu/MachineMenu.java	NEW	NEW	503c9c900a0666642afa8702dfa37f5888300255b57c73fc6b362802f5a28ee7	8ac88b8cffa1605cda85f67ac13b39c498d8c3d22f91c22379134419a7fdd679	text	write
AetherionGuilds/src/main/java/de/aetherion/guilds/menu/MenuKit.java	files/AetherionGuilds/src/main/java/de/aetherion/guilds/menu/MenuKit.java	NEW	NEW	da385d1a5496a91a9cb2e1793ad3dd568ad9b1c23ac8500c5fed9454df3926a5	eaa1de71fa9d468a3f74bfd7a9c2252d3b918c1da345baa8bf117eadef3f4b09	text	write
AetherionGuilds/src/main/java/de/aetherion/guilds/menu/StarterSelectMenu.java	files/AetherionGuilds/src/main/java/de/aetherion/guilds/menu/StarterSelectMenu.java	NEW	NEW	ef7f3ca1187c44ce855f194040815a4ac78dedbd48fc71bd3bbcd14bf5ec19e5	c4b28d3819bf070196d8568da4d2b043ed4808b6d19091516bc6d93077c95a41	text	write
AetherionGuilds/src/main/java/de/aetherion/guilds/menu/StorageMenu.java	files/AetherionGuilds/src/main/java/de/aetherion/guilds/menu/StorageMenu.java	NEW	NEW	cc43bf1fa5ac08835efc6ec93401e3947c7d8f5f97188ad9207fe5e1cfd1edc2	890c316a93b326213fb0ff31f35a85712410298d192bb3e357834030c5be1b58	text	write
AetherionGuilds/src/main/java/de/aetherion/guilds/project/GuildProjectService.java	files/AetherionGuilds/src/main/java/de/aetherion/guilds/project/GuildProjectService.java	NEW	NEW	03e22de964bc36a7155c05f4a250ca537dcb5dc835130c001d1a735c5839ef65	0f4f6814cfcfb206ec9850d8055c73535f54ee00fd17898fd9633e465fbf1d50	text	write
AetherionGuilds/src/main/java/de/aetherion/guilds/project/GuildProjectType.java	files/AetherionGuilds/src/main/java/de/aetherion/guilds/project/GuildProjectType.java	NEW	NEW	01160aa0be76eeb2f49f0190371a8d9e7f6a06fd97eeef8ca36f5be0420a83a8	4e3b13f98da798eee7492cbf916fc4844c83eb7a92b912f99d857e714d27c894	text	write
AetherionGuilds/src/main/java/de/aetherion/guilds/structure/PlacedStructure.java	files/AetherionGuilds/src/main/java/de/aetherion/guilds/structure/PlacedStructure.java	NEW	NEW	9a1a90e00d62b43c784cca49a3419fc43978ce8b382b3287961bab585e3c2070	feab6162a9a518496623fed03907bd4b23d51e7e547ea4fe62b5852fc6b33a09	text	write
AetherionGuilds/src/main/java/de/aetherion/guilds/structure/PlacementService.java	files/AetherionGuilds/src/main/java/de/aetherion/guilds/structure/PlacementService.java	NEW	NEW	2199fb9cfc3e444eb05d4267787b5e4494c70a2f32f554c74afa4d59b51fb96e	62b34c82005a201842229713d552fec1ca38a9d346027d95c9b3d4ff0f418e61	text	write
AetherionGuilds/src/main/java/de/aetherion/guilds/structure/StructureService.java	files/AetherionGuilds/src/main/java/de/aetherion/guilds/structure/StructureService.java	NEW	NEW	6aa0e254f9cbe523d965ddab9ae7358c7358e8f34383e22c21ca6ead321a5621	47ca355d6710edd7b0c0b2ea369baa91c2499a8f7f6fcc663f409c4f8867a63f	text	write
AetherionGuilds/src/main/java/de/aetherion/guilds/structure/StructureType.java	files/AetherionGuilds/src/main/java/de/aetherion/guilds/structure/StructureType.java	NEW	NEW	f7ac1fc6e9150068958481fdf9592b0bfab1ed3b8f054d3b758987cea74c8c13	dc62f5d40115265b324d5ad4102c0ae8071fad79d31749ef41de6654f74afadd	text	write
AetherionGuilds/src/main/java/de/aetherion/guilds/template/NbtIn.java	files/AetherionGuilds/src/main/java/de/aetherion/guilds/template/NbtIn.java	NEW	NEW	2b778b99aefab940c034b40311b72c81a15bd878c3dcc35912ee28005528e236	6b435ed4f5f8ccb5f845ccdd5df5636f17912ca0afc262785e187181512ce627	text	write
AetherionGuilds/src/main/java/de/aetherion/guilds/template/PasteService.java	files/AetherionGuilds/src/main/java/de/aetherion/guilds/template/PasteService.java	NEW	NEW	0666889aefd23eb334a56bbe5924a8258b8d1d832c33db43f3a1f7a8688c61c9	27b19dcdea5e46cba5e83dd420cabb6657ad55eaabfadcc5c8334ac8b9936dc3	text	write
AetherionGuilds/src/main/java/de/aetherion/guilds/template/StateRotator.java	files/AetherionGuilds/src/main/java/de/aetherion/guilds/template/StateRotator.java	NEW	NEW	a1257bc15fa7d3e031ae94475cc890755ad1051877f23b7c77066361f0a44bcb	238bbdbb1a25d97e0f13945470f7003258b9f46c58b75e58a551e1519788be37	text	write
AetherionGuilds/src/main/java/de/aetherion/guilds/template/Template.java	files/AetherionGuilds/src/main/java/de/aetherion/guilds/template/Template.java	NEW	NEW	3df4f596f180d887a82e8a456df26aa15e4a6aaace83698e84ea47679ab84f4f	1f2774a123535271641f68915c27418c998ec4217a7149158c3ba9281cf1a472	text	write
AetherionGuilds/src/main/java/de/aetherion/guilds/template/TemplateLibrary.java	files/AetherionGuilds/src/main/java/de/aetherion/guilds/template/TemplateLibrary.java	NEW	NEW	f896fcfbd41a28d61724890b6dacf1279160a8a55afb238f82242bbfc58a065f	fa60ba0b935c00dca27e40c9100e67406fd033cd49e27a6d10801d4a7c90c99f	text	write
AetherionGuilds/src/main/resources/templates/gp_beacon_1.schem	files/AetherionGuilds/src/main/resources/templates/gp_beacon_1.schem	NEW	NEW	c8ea727fcbed69a1baf877d13c067c799a790a92935d9715f0c2012793f68f17	c8ea727fcbed69a1baf877d13c067c799a790a92935d9715f0c2012793f68f17	binary	write
AetherionGuilds/src/main/resources/templates/gp_beacon_2.schem	files/AetherionGuilds/src/main/resources/templates/gp_beacon_2.schem	NEW	NEW	ba481f4bdaf167e98051c5c87025a0c8de956b1497fedb94cad2bc251fffc161	ba481f4bdaf167e98051c5c87025a0c8de956b1497fedb94cad2bc251fffc161	binary	write
AetherionGuilds/src/main/resources/templates/gp_beacon_3.schem	files/AetherionGuilds/src/main/resources/templates/gp_beacon_3.schem	NEW	NEW	541e0754cd2fc3d1f073718bc9aceeb54df40ed948f25cab7a86a28611b1b818	541e0754cd2fc3d1f073718bc9aceeb54df40ed948f25cab7a86a28611b1b818	binary	write
AetherionGuilds/src/main/resources/templates/gp_hall_1.schem	files/AetherionGuilds/src/main/resources/templates/gp_hall_1.schem	NEW	NEW	f6b580e28f1f3084c8d3255c69980e823161a0d6544d34cea42665cdfc0d7cf0	f6b580e28f1f3084c8d3255c69980e823161a0d6544d34cea42665cdfc0d7cf0	binary	write
AetherionGuilds/src/main/resources/templates/gp_hall_2.schem	files/AetherionGuilds/src/main/resources/templates/gp_hall_2.schem	NEW	NEW	cb1ec9e39005dbd235f13d36014e5fe583071ec7706cb13a02725ece4c21354e	cb1ec9e39005dbd235f13d36014e5fe583071ec7706cb13a02725ece4c21354e	binary	write
AetherionGuilds/src/main/resources/templates/gp_hall_3.schem	files/AetherionGuilds/src/main/resources/templates/gp_hall_3.schem	NEW	NEW	a250d69986e30c05cda0ea92dbbb244b97e070bf6b62ddc2ed88147d455325d4	a250d69986e30c05cda0ea92dbbb244b97e070bf6b62ddc2ed88147d455325d4	binary	write
AetherionGuilds/src/main/resources/templates/gp_site_beacon.schem	files/AetherionGuilds/src/main/resources/templates/gp_site_beacon.schem	NEW	NEW	5413518cc6e8825c9ce9170867081168358ddcc482e18e4f8d50a1f0aa7d0705	5413518cc6e8825c9ce9170867081168358ddcc482e18e4f8d50a1f0aa7d0705	binary	write
AetherionGuilds/src/main/resources/templates/gp_site_hall.schem	files/AetherionGuilds/src/main/resources/templates/gp_site_hall.schem	NEW	NEW	fb382453c8e123c717bb27ed131630e66b37fc0647085434ffd97e5950bceb4c	fb382453c8e123c717bb27ed131630e66b37fc0647085434ffd97e5950bceb4c	binary	write
AetherionGuilds/src/main/resources/templates/st_depot.schem	files/AetherionGuilds/src/main/resources/templates/st_depot.schem	NEW	NEW	695e758ee508ef9a5cb3e46d6f976e5459835ed46d9e28d009e0249fce566ed6	695e758ee508ef9a5cb3e46d6f976e5459835ed46d9e28d009e0249fce566ed6	binary	write
AetherionGuilds/src/main/resources/templates/st_forge.schem	files/AetherionGuilds/src/main/resources/templates/st_forge.schem	NEW	NEW	4e3c223522d382efa3329c972ed43aae8ad37d4c5592b8e4f5d82bbd5c96a395	4e3c223522d382efa3329c972ed43aae8ad37d4c5592b8e4f5d82bbd5c96a395	binary	write
AetherionGuilds/src/main/resources/templates/st_mill.schem	files/AetherionGuilds/src/main/resources/templates/st_mill.schem	NEW	NEW	48c81e89f138bb07ce5a8a9ddfce5f86f454b1a226b51822cae14da22cdd4cc0	48c81e89f138bb07ce5a8a9ddfce5f86f454b1a226b51822cae14da22cdd4cc0	binary	write
AetherionGuilds/src/main/resources/templates/st_quarry_housing.schem	files/AetherionGuilds/src/main/resources/templates/st_quarry_housing.schem	NEW	NEW	efa0337c77e52e59c981900e6525f31c87b8f802776cebd2c04790674c54ee4b	efa0337c77e52e59c981900e6525f31c87b8f802776cebd2c04790674c54ee4b	binary	write
AetherionGuilds/src/main/resources/templates/st_storage_hut.schem	files/AetherionGuilds/src/main/resources/templates/st_storage_hut.schem	NEW	NEW	5f4b05d1edb62097e10b98f6b697430bdac5f76622fa137504ce850efc08e4cf	5f4b05d1edb62097e10b98f6b697430bdac5f76622fa137504ce850efc08e4cf	binary	write
AetherionGuilds/src/main/resources/templates/st_workshop.schem	files/AetherionGuilds/src/main/resources/templates/st_workshop.schem	NEW	NEW	75779d01a1150b07dd34b5849b12d74eb630c572123759f68ad8a66a5b224585	75779d01a1150b07dd34b5849b12d74eb630c572123759f68ad8a66a5b224585	binary	write
AetherionGuilds/src/main/resources/templates/starter_grove.schem	files/AetherionGuilds/src/main/resources/templates/starter_grove.schem	NEW	NEW	2dbc5a3217d19af433073c239d1b998d46df2ca24b9b94d433f7e8cdc81cc2a6	2dbc5a3217d19af433073c239d1b998d46df2ca24b9b94d433f7e8cdc81cc2a6	binary	write
AetherionGuilds/src/main/resources/templates/starter_guild.schem	files/AetherionGuilds/src/main/resources/templates/starter_guild.schem	NEW	NEW	0ef80f7fb5e2d6bd44366a256943df0421b7efc76005e04d38e738d74779a14f	0ef80f7fb5e2d6bd44366a256943df0421b7efc76005e04d38e738d74779a14f	binary	write
AetherionGuilds/src/main/resources/templates/starter_quarry.schem	files/AetherionGuilds/src/main/resources/templates/starter_quarry.schem	NEW	NEW	6d2ea0fbb5757a7ea8f410cc4007b8791864fb569f04e1ba3997a5accd799738	6d2ea0fbb5757a7ea8f410cc4007b8791864fb569f04e1ba3997a5accd799738	binary	write
AetherionGuilds/src/main/resources/templates/starter_tide.schem	files/AetherionGuilds/src/main/resources/templates/starter_tide.schem	NEW	NEW	67ed6bbcdd18970e0e7a0acb52900449ac61d63b7eaca522fed4eb64e5947717	67ed6bbcdd18970e0e7a0acb52900449ac61d63b7eaca522fed4eb64e5947717	binary	write
docs/ISLAND_QUARRY_HIGHLIGHT.md	files/docs/ISLAND_QUARRY_HIGHLIGHT.md	NEW	NEW	d1479adbd14e8b9ed15b9554bb99d9ddd8ad2ce6a07ed5b89b66eade3c838386	9a3f9fe7f2157d1894aceeac476550f12bc65ae7ab76f8a1c74721db80130d51	text	write
