# kind	path	base_sha256_crlf	base_sha256_lf	new_sha256	note
# SHIP = from dungeon-f1-files.zip | SYNC = copied from the main tree (-MainTree, default: ..), which the live jar was built from
# NEW = must not exist yet | MAIN = the main tree's current copy is also an accepted base
SHIP	AetherionDungeons/src/main/java/de/aetherion/dungeons/AetherionDungeons.java	d130a9096eac2cca030cabfb2b263bd801ed347e9c9bd8814ce37e6baf7a96b7	9c0d3799b21c68d9c0852e9ba968278fa9ca2ed6ce8bdbe0b44d2a468138a8e4	9a9b15f9a7d48c629a30883ea6c719ad41e632ad0fbf686ab93c385a082b981b	
SHIP	AetherionDungeons/src/main/java/de/aetherion/dungeons/bridge/CharacterSync.java	NEW	NEW	fc91b060fc0510565c201d140afe56381b56e70682a4ae1832cd41c7d2f690af	
SHIP	AetherionDungeons/src/main/java/de/aetherion/dungeons/bridge/HubPortalBridge.java	5a8bdbf86d19eaeca175c9f0bc5aed7954cabb29e1dff9325f7a00c1ac7c7592	30c18aaa68e50def6fbd6a0f4466d798fb0476d03659bdb7efbbed1cbf03482a	aa1ea52443f5736e842bc9a9bbe4b795cd15e64480fe8097dac9fbfad7e1ee7c	MAIN
SHIP	AetherionDungeons/src/main/java/de/aetherion/dungeons/bridge/ItemLootBridge.java	b6d15829a92619b22cf067aee2977bbde90339efc5094539c51c52f0ee5304c0	ae690a2dd82ae82f8c21e350f765d439ac0cc6b1d867c510c326ab4f69558a81	cce7a978d512f9c2a7f9823b0b1b6278f500ecbaeb89c03c3e0d781ae9bfd269	
SHIP	AetherionDungeons/src/main/java/de/aetherion/dungeons/bridge/NetworkPlayerDataSync.java	82b06de397a873b777b0ae3ad85776d19c911d91eaf9b04005f1beb31edf3ecd	6ff828e36248c9936061081f000ceaea40b29d2aeb1908ffaeda5fe6183b51e1	56b9ac04e7dba6e365d8f4dcc9da19ae0de8ff4788fe266673a9bf64d7d60bab	
SHIP	AetherionDungeons/src/main/java/de/aetherion/dungeons/bridge/RemoteServerBridge.java	d29fd15f5ee85d5932920fba1765aca9dae20ed10f0efbc61e7cd0434554d3e6	35ecabf68a15bd19fb7fd13b8e289243e3c17b6a64f1a52a43a3bd2189c0cd60	85d47dd06934b2d9aca6005cbd3a41e885d171e2ebf1bd0db8da95ce570d3f7d	
SHIP	AetherionDungeons/src/main/java/de/aetherion/dungeons/bridge/TransferGuard.java	NEW	NEW	c21593ab20eb0c0b6926bfbc0e46f9ddef0560b6382090ed3deb33614c39b14b	
SHIP	AetherionDungeons/src/main/java/de/aetherion/dungeons/bridge/TransferLedger.java	NEW	NEW	f11183bb3f27ea52cd7a64a4f7c669039aa25c49bd74d09c0107b25fcbb7f1b0	
SHIP	AetherionDungeons/src/main/java/de/aetherion/dungeons/bridge/TransferSnapshotStore.java	9e0b25d0b727e3a44332ce85962ee8dbd61f23a00f93c2bb84887a1b221a6335	983c822b740d2c8a6260bf7122ef35f0de257b3db50a4a65809e54d48fa4e9bc	0dba0ce75be895b13074d8147e933e79735cbf197eff5558a50c3e6a96319dde	MAIN
SHIP	AetherionDungeons/src/main/java/de/aetherion/dungeons/command/DungeonCommand.java	65846935b7fb7bd6d9cc201ca593142cffafbb27f6924df2d359b62bdb754a53	07051e152de0d6fc40ff1aed9e87ac0add5b5ac534664dd2d4951c8811ac43fc	60963ed10a8990f7ad7b8edd5d70187137d2310aecf61631e3b213e93ae92cda	
SHIP	AetherionDungeons/src/main/java/de/aetherion/dungeons/instance/DungeonLayout.java	782948dc586445efbccfd158dcf3e4caa9e6bf2c018f245723e2fd886d09ed16	50b0bd5b6c8c3617509da95f6c386e565f651b475c94fbceffdd1ae7c65a2eb9	c981a007891c87501e399f52b7b24a705e56b3be1a4e18fc4ed7b0d10175b968	
SHIP	AetherionDungeons/src/main/java/de/aetherion/dungeons/instance/DungeonSession.java	336119983f769c97b9ddc77156bbb7f252c782e347bb5ea7ad687edbe694eccf	29363482eee3dc88952bc30d92d486aeb2bd61c11bd6779b0e2fdcca050acd1f	73826fce233740191a0e70d0d92633e2cbe3816a36585c6f7073325db198910c	
SHIP	AetherionDungeons/src/main/java/de/aetherion/dungeons/instance/FloorOnePool.java	NEW	NEW	42ba7e577a84d6428b57b588da5b62d1b7ebdbc8250c2d1878743926a627badf	
SHIP	AetherionDungeons/src/main/java/de/aetherion/dungeons/instance/InstanceManager.java	70a13dcbbdb0d53f189c6dd297462d95fe3b841e2485d0686e94d37dffe2c212	58dd9d5bcbb48c09f3ad68509ae58d30b04a0ec14bde11796c4738956b029836	48f63793d2610e88ccd833c05ddc23c6a8dcb62150b934a14968cecc24f4a982	MAIN
SHIP	AetherionDungeons/src/main/java/de/aetherion/dungeons/instance/LerfingTestBuilder.java	1c70d4a138288005a386baac480d92fe0de086008983a40d34348b3027e92235	7c838c68468fab73f2d535b83c8288671ed2d70f397e0a0f1ad31b387d396555	213cb633633879086417f5a0f1c5a0bf318ba4811571a611d8c275ba10f7c20e	
SHIP	AetherionDungeons/src/main/java/de/aetherion/dungeons/instance/PrototypeDungeonBuilder.java	6f706ab268dc149d37c9d0a94c063beead842bca812bf55f38032969bd672177	3ff13406d710d0f2411da42fff41a2c0d80c7197794e3fa4a31a1d5c74dd4ffd	e78311243c25e90059d4ff71d62fb98d74a9834d0d6a872b9d2cbb20943b93ed	
SHIP	AetherionDungeons/src/main/resources/config.yml	76ed6621c5140c079eeba6d68e1552b576b926f60e807fb97a86066fb90b68db	390d8c272d9ee12abb68fb8cae31949e09e4ddc46692136b73bb0c7f5526521d	47e79990781c410eb153bfa4f6ffb6e0852a783356af2be8ab0fbe1271b71d4b	
SHIP	AetherionDungeons/src/main/resources/plugin.yml	a2d8929a439c477c0e8352e541e7e5425b9a3340401475a0433204092a8cfcfb	288b195c8132caba65637cbf3ac21c05413c4cc3a19e5169c4c315a35ffc3c7a	793ce5ffa67bc8dfb6c7fde338846eee2e52ab41d6cffdf2a38ede66b4bf7004	
SHIP	AetherionDungeons/src/main/resources/structures/floor1/f1_armory.nbt	NEW	NEW	756e1ab668631a9a5749bb85ad3695d138c2c3e8d1e1769ef9842661cdd5230f	
SHIP	AetherionDungeons/src/main/resources/structures/floor1/f1_cell_block.nbt	NEW	NEW	0d3ac4ac04ceb24e5c9ec8d42fb284ac80560ab6ebad243d3382e053f7ebe3f5	
SHIP	AetherionDungeons/src/main/resources/structures/floor1/f1_chain_vault.nbt	NEW	NEW	d6c1dd15ff8802511df1396fabb8481009e1fc8e30d5e8d223060383ded95904	
SHIP	AetherionDungeons/src/main/resources/structures/floor1/f1_collapsed_wing.nbt	NEW	NEW	7f56e6e484bb14998965ecbb28601d5c7113c3bf0248b4c9f0b3739b5a9e44b2	
SHIP	AetherionDungeons/src/main/resources/structures/floor1/f1_execution_yard.nbt	NEW	NEW	49d3a212c2b14a4110cd5a8f5fa6e63b4d1661c52f43595356934763af93c126	
SHIP	AetherionDungeons/src/main/resources/structures/floor1/f1_gatehouse.nbt	NEW	NEW	4ecd155a87855d0258ede1cf75c1627d25e595be1862d28ca11cecdee00c8264	
SHIP	AetherionDungeons/src/main/resources/structures/floor1/f1_great_cross_hall.nbt	NEW	NEW	3c934b1cb30415b5089638ea21fdae6b1e9c12751e197f3384db4d6037b495ec	
SHIP	AetherionDungeons/src/main/resources/structures/floor1/f1_guard_hall.nbt	NEW	NEW	efae663ab540e5cce168b7e586482766165e48bfdbb50e99155260497e5e73f3	
SHIP	AetherionDungeons/src/main/resources/structures/floor1/f1_interrogation.nbt	NEW	NEW	69a7e48dc1b9ff2470f43e38c222e0e74705d033473c58ba4d9fdf95c36f65f4	
SHIP	AetherionDungeons/src/main/resources/structures/floor1/f1_mess_hall.nbt	NEW	NEW	3d2f9aff2742ad96acaef6224905a041befd5b2f6f7fc28ce8c61e7de6d67760	
SHIP	AetherionDungeons/src/main/resources/structures/floor1/f1_old_cistern.nbt	NEW	NEW	248267792ca9adecdbd57512028ebe02d3bb78348c8d1508e1f61a0b5b82a8b9	
SHIP	AetherionDungeons/src/main/resources/structures/floor1/f1_prison_01.nbt	NEW	NEW	25777006c439e49883275cbe5cb5e2e871fa6a45681e4f093e5ac17f4f448774	
SHIP	AetherionDungeons/src/main/resources/structures/floor1/f1_prison_03.nbt	NEW	NEW	3d6e8c6c48501fe4fbf6ccca7db882b10c9fe8f1d0b8c85e2e78f94edde1761f	
SHIP	AetherionDungeons/src/main/resources/structures/floor1/f1_prison_04.nbt	NEW	NEW	1e74b18314a0e327c68e4b3ae98173931bc525e59da25c6f9e47b47a4ad68560	
SHIP	AetherionDungeons/src/main/resources/structures/floor1/f1_prison_05.nbt	NEW	NEW	ea61a0417e76351c16dc6ca3418211ab05bad124f76f31f1633532701e22fd11	
SHIP	AetherionDungeons/src/main/resources/structures/floor1/f1_prison_07.nbt	NEW	NEW	5f27a2cd6066733851b05e7948f1630830c76f7ba4fd49a0423edcefdbfcbe33	
SHIP	AetherionDungeons/src/main/resources/structures/floor1/f1_prison_08.nbt	NEW	NEW	20bf734c05d2d18523242ff897696a806e86065b08ca13f77f5a6e2527cf1d30	
SHIP	AetherionDungeons/src/main/resources/structures/floor1/f1_prison_09.nbt	NEW	NEW	bd204a592fffc08b00b81032973871e363d965b4954e0fecdbcc41b3b6bb3348	
SHIP	AetherionDungeons/src/main/resources/structures/floor1/f1_prison_11.nbt	NEW	NEW	05991b881825f5a4a5b6a43cb1ac540f7de15804ad7ce48b9912d59e4cfade90	
SHIP	AetherionDungeons/src/main/resources/structures/floor1/f1_prison_14.nbt	NEW	NEW	303a152bd6e270c168236d5c219a539d471187b26ec2d56365c2e7b5048d7d98	
SHIP	AetherionDungeons/src/main/resources/structures/floor1/f1_prison_16.nbt	NEW	NEW	9cd148c18abdf0fc473b009485b7aadff42c202352d69458e7029315bc402394	
SHIP	AetherionDungeons/src/main/resources/structures/floor1/f1_prison_18.nbt	NEW	NEW	f69ebc6468e74fd13b598faeea89e896220020ace0ddbe8ee7bab52440dfc5fa	
SHIP	AetherionDungeons/src/main/resources/structures/floor1/f1_prison_20.nbt	NEW	NEW	e31d97eb13e8e6c10c06214e52ce2e4820aa215f95e2303babf1b6d172bfc2cd	
SHIP	AetherionDungeons/src/main/resources/structures/floor1/f1_ruined_chapel.nbt	NEW	NEW	5c1ef4c5603069442763562417796867d02b11e2da093e5996a4b92af626df81	
SHIP	AetherionDungeons/src/main/resources/structures/floor1/f1_sunken_blocks.nbt	NEW	NEW	9910962b31ad49de3af9ad09e9e7d0ff28f02739b6f7c77134976413c56f9c68	
SHIP	AetherionDungeons/src/main/resources/structures/floor1/f1_warden_archive.nbt	NEW	NEW	6669a29800515d42b0106e933869cc7e31be54c72160299d4f58223832fdddd1	
SHIP	AetherionDungeons/src/main/resources/structures/floor1/f1_warden_throne.nbt	NEW	NEW	ec3c2ffe0987ccc9cfd8027a65db4433a2a388cd1892a575c60b3b5962f73520	
SHIP	AetherionDungeons/src/main/resources/structures/floor1/pool.yml	NEW	NEW	435d4482c8e85214e08e495c501ac8036c3bd3e1129b4ebe87d0c6d2355684fe	
SYNC	AetherionDungeons/src/main/java/de/aetherion/dungeons/bridge/BossEngineBridge.java	c393d2622e3af3247647ec0b54bf80d448c87146fed222adc4963ad69ae96d55	b7e975b5dc95f5c614e81ca244fed4fb313e971340dc8140f8da1a4165c6f751	MAIN	
SYNC	AetherionDungeons/src/main/java/de/aetherion/dungeons/instance/AshesEncounter.java	ce519c14651a9fcf78cf40034dcb86b41d4e90fa02c3493392f4c476563d565c	9ef7c94036a9fcae3edb4e1d9499062a822809030c0e7be70bbef52c212ab887	MAIN	
SYNC	AetherionDungeons/src/main/java/de/aetherion/dungeons/instance/DungeonChestProps.java	NEW	NEW	MAIN	
SYNC	AetherionDungeons/src/main/java/de/aetherion/dungeons/instance/DungeonLootFx.java	5560817253e6044f01c44f68f0bf6d5bcde25056e0ac29c2eaab54d864174fdc	61617f2e8593bcdcf7e03f9bdc54dbcd39c374bc6c085fe61ed8f14fd4bfc4a9	MAIN	
SYNC	AetherionDungeons/src/main/java/de/aetherion/dungeons/listener/DungeonListener.java	fae4c87fe61b304e7926959f81d4a3a768ef6c4c6045e3b9fd1476858d152c83	61dbb07efaa30e9a525b14555519a6ead8605e6133ed4afa0626a473a608e90a	MAIN	
