# drop	target (repo-relative)	base_sha256 (NEW = must not exist, ANY = resource, overwritten with backup)	new_sha256
dungeons/FloorOnePool.java	AetherionDungeons/src/main/java/de/aetherion/dungeons/instance/FloorOnePool.java	42ba7e577a84d6428b57b588da5b62d1b7ebdbc8250c2d1878743926a627badf	2d5cd4737e79574d7455d6d6605b0a00c7550984ea923930bcb2c2939b580d3e
dungeons/LerfingTestBuilder.java	AetherionDungeons/src/main/java/de/aetherion/dungeons/instance/LerfingTestBuilder.java	213cb633633879086417f5a0f1c5a0bf318ba4811571a611d8c275ba10f7c20e	3c195adcb04684732bc4b80d686b69329296e12c6a45a7261c3956361955462a
dungeons/ItemLootBridge.java	AetherionDungeons/src/main/java/de/aetherion/dungeons/bridge/ItemLootBridge.java	cce7a978d512f9c2a7f9823b0b1b6278f500ecbaeb89c03c3e0d781ae9bfd269	966a14e2ec532fa1ec10598c145a98de75d79c5382e7733eedb55bc749a4c800
items/DungeonArmor.java	AetherionItems/src/main/java/de/aetherion/items/dungeon/DungeonArmor.java	861bcb655402b91b8d1f5ac6f92a4de8cf9b8bf522a9787fbd5bb57331ce1c32	9d5d1b9c277fe264a089f49e57f5d3fac8797386116b78aca5e4358e6284a076
items/DungeonAttuneMenu.java	AetherionItems/src/main/java/de/aetherion/items/dungeon/DungeonAttuneMenu.java	9709b71266133388a9a5aa3c50c97d66202c50bf0f620b6cf62b9f19f6c1bf59	3c69a356a485e2967f0c00f629e50ac6c3297d864236b0c2cde73c4583728b8a
items/DungeonCalling.java	AetherionItems/src/main/java/de/aetherion/items/dungeon/DungeonCalling.java	949454487628e0960e22dae0c0991dce892ceecbbcff4c1e3b5e0008989cdb7f	0216749ce2fbc0bbe4b2bea11a23743970521420a747e2e0c4837479bcd74a70
items/DungeonGearProgress.java	AetherionItems/src/main/java/de/aetherion/items/dungeon/DungeonGearProgress.java	47d274c6582238edbe7c0a25aea5f3517f184fecf002d6c58d1a6684e2a301ed	0df38c4b95e851510c17a575645489f1f694b4ec17e7705044a69a7735fcc897
items/DungeonIdentifyMenu.java	AetherionItems/src/main/java/de/aetherion/items/dungeon/DungeonIdentifyMenu.java	74c4f7d3c806ba4651a41c4f6f0fee181b0eeff0e22825ceb4e230ecb32ec48d	1147d6fe6f1d514f12cba05027ddea0881217997d66bccd9f581bfcc1f70381e
items/DungeonWeaponKind.java	AetherionItems/src/main/java/de/aetherion/items/dungeon/DungeonWeaponKind.java	fff231d22e7fbfab9d3e56c6448d7be1a66602c238f41ef2af4d5cb119bc38e2	6a573740d3f91c0853ef6f6ea52356ed7d49258a6e92bf99534e22ee951d7220
items/ArmorAppearance.java	AetherionItems/src/main/java/de/aetherion/items/item/ArmorAppearance.java	9ef5662760bea38dba6e3c5e66b5c372c04e7936e59c4bc005f02fec944b46be	e4ff1cc4b8cb43f8001b931c5e82705ca458314b18d22948bede887585683478
items/WardenPrisonLook.java	AetherionItems/src/main/java/de/aetherion/items/dungeon/WardenPrisonLook.java	NEW	d05d4a0ac51496dfd731cb516968b0d337ad82ecaacaf95d76e6fcb1311da3bc
floor1/pool.yml	AetherionDungeons/src/main/resources/structures/floor1/pool.yml	435d4482c8e85214e08e495c501ac8036c3bd3e1129b4ebe87d0c6d2355684fe	a1d3a80dd81893b0ae50e1162d439ce967653048604cf1b5e9a63748fc1c8b40
floor1/f1_armory.nbt	AetherionDungeons/src/main/resources/structures/floor1/f1_armory.nbt	ANY	d657de07c0ecc6ce84c0f8c0168e34010a248d3477fd6016b0f0ee5115efcdae
floor1/f1_cell_block.nbt	AetherionDungeons/src/main/resources/structures/floor1/f1_cell_block.nbt	ANY	2d1c4407fbe6121ff3be7ac51d503a1c968d55a368633ac1125a8c735b865e95
floor1/f1_chain_vault.nbt	AetherionDungeons/src/main/resources/structures/floor1/f1_chain_vault.nbt	ANY	9b9cbef673370fc738db807597512bc31f9f6058193db8ab4d7019b6380cb81b
floor1/f1_collapsed_wing.nbt	AetherionDungeons/src/main/resources/structures/floor1/f1_collapsed_wing.nbt	ANY	1dda97790f50d040eefb2105264f0ee0a78340962637204e8742140d1c3b4591
floor1/f1_execution_yard.nbt	AetherionDungeons/src/main/resources/structures/floor1/f1_execution_yard.nbt	ANY	57172dff08c3e7e4b4c7a5283717c4b9e62c396c5c02109010bbc8b7da094ae1
floor1/f1_forge.nbt	AetherionDungeons/src/main/resources/structures/floor1/f1_forge.nbt	ANY	4f97a11f5dd667b84db895d8d3a53f9353fed26aea4cb30e71727f57c40aa23a
floor1/f1_gatehouse.nbt	AetherionDungeons/src/main/resources/structures/floor1/f1_gatehouse.nbt	ANY	2737c796acd2a9a7df9ab6b0be7bee5f78cdf2610a620df812e5c6aff4fd6138
floor1/f1_guard_hall.nbt	AetherionDungeons/src/main/resources/structures/floor1/f1_guard_hall.nbt	ANY	ca244e2d87d0e1853b45953654acefa82459c5bd8223453c782f6d74230c9e7c
floor1/f1_infirmary.nbt	AetherionDungeons/src/main/resources/structures/floor1/f1_infirmary.nbt	ANY	f5d4ed5423a44f8bc9c554a08861c5126989a45372b9f9deb7ce5cba46189d12
floor1/f1_interrogation.nbt	AetherionDungeons/src/main/resources/structures/floor1/f1_interrogation.nbt	ANY	c7e9ceee42851afff7c485d55985ace1a32c949b4cf2a8539eb3f8100bfff084
floor1/f1_kitchen.nbt	AetherionDungeons/src/main/resources/structures/floor1/f1_kitchen.nbt	ANY	1ea47ef70f4f4b17edddc01e8db710deac055eb619fce0c3580173cc1f06457d
floor1/f1_listening_hall.nbt	AetherionDungeons/src/main/resources/structures/floor1/f1_listening_hall.nbt	ANY	a6891d2526dcbc9e2e39256d25d3f5122979016982cdacdce44241ca03a45104
floor1/f1_mess_hall.nbt	AetherionDungeons/src/main/resources/structures/floor1/f1_mess_hall.nbt	ANY	d057197aa7517b8a0a960ed3b33d9107a46d32a8133842068c4fab7e302be211
floor1/f1_old_cistern.nbt	AetherionDungeons/src/main/resources/structures/floor1/f1_old_cistern.nbt	ANY	28c36587944bb0f8d251622c6c02f3c11898a2357e96a366c3289e870cf44fe5
floor1/f1_ossuary.nbt	AetherionDungeons/src/main/resources/structures/floor1/f1_ossuary.nbt	ANY	1345ff00a3c46cb2702158b052cd6779152ab2371fa778c1b0a3ca39182f42c5
floor1/f1_panopticon.nbt	AetherionDungeons/src/main/resources/structures/floor1/f1_panopticon.nbt	ANY	6e2a79c7d2fbe88c54580985d0bc00b854bf1a5866322f6afd8e432bc68a67c0
floor1/f1_ruined_chapel.nbt	AetherionDungeons/src/main/resources/structures/floor1/f1_ruined_chapel.nbt	ANY	809b200618281b2beff42ac44558ed6132f7303dd619a2be12e600bee11daa9a
floor1/f1_sculk_breach.nbt	AetherionDungeons/src/main/resources/structures/floor1/f1_sculk_breach.nbt	ANY	225b604928281331f8cdf477c5e2fed0f04a5f387ba9061124eb08c6bdfe82bb
floor1/f1_shackle_hall.nbt	AetherionDungeons/src/main/resources/structures/floor1/f1_shackle_hall.nbt	ANY	2cee96a16a6771e2ca246e9f6c50ba3a77e421c54f40478d6e5b56ce29959eb4
floor1/f1_solitary.nbt	AetherionDungeons/src/main/resources/structures/floor1/f1_solitary.nbt	ANY	16258fc6f6cd859daba1763ae4f66d00a0c385ebe22eb0110eb5dd0ba1fb7d33
floor1/f1_warden_archive.nbt	AetherionDungeons/src/main/resources/structures/floor1/f1_warden_archive.nbt	ANY	0b98b4533a1c58d2f85f1fcd9202974e22a5d6dd6653e60d15e713f80ac54063
floor1/f1_warden_throne.nbt	AetherionDungeons/src/main/resources/structures/floor1/f1_warden_throne.nbt	ANY	385bfb32c4fd2f9e7cc5a3480032cf25ed57525044a6f35153b9ab486d0864f4
floor1/f1_watch_post.nbt	AetherionDungeons/src/main/resources/structures/floor1/f1_watch_post.nbt	ANY	52eb1ddf03a81d5b7d7ca81d015e324ff313a1fcc961a9d384653b9df7ed0a5f
