# path	base_sha256_crlf	new_sha256	status	base_sha256_lf
AetherionQuests/src/main/java/de/aetherion/quests/dialog/DialogManager.java	cf5d88162c85e266ad031373f05bc8bd7a5057bec1d7ebf84bb828e83e9a835c	c5aeabf308863693b394c21f08ceee42f87ab9e65e18d6be854f556eb3261dd5	M	11b3025d6a04fe53ef0ab2868fd24b9497a58849f65243e9c1ce409a005f3463
AetherionQuests/src/main/java/de/aetherion/quests/lang/LangPack.java	4c2a5f2ad0f405308e5eba36323c8e650c3497ece61ed8211a360172ddf191b8	5c8677b74c51649d40f99d2b27dd2abe8011877de588033d2df7426e53de8f07	M	198999f0a098461b734a4af633db9634a25cfe8f2704cb91fb57d1b428017e1d
AetherionQuests/src/main/java/de/aetherion/quests/listener/NpcListener.java	baad744b3d3823a77485b4207af7800fa1c97468ca7c62f55cff9d508b8f09fc	5d39c2a38ee475765e937d8c0a9f457e3abfb8d47591e67de59ff45ba11f25ad	M	afd1934ac11bce9f0f36225c7d236e3d2d29636af8f34b2672eeab54a0a931d6
AetherionQuests/src/main/java/de/aetherion/quests/listener/VexDeathHintListener.java	ecada47510cbd83107ae7e6f596d802be25e4c1b814fbf4b75a592ececf23709	10573bb1f8bfaa383aded309499088ee4976e46a0994dd250fbfbdddbc633b19	M	cd87d67b119650f4ee2f9986b4f6caab83a8de24fc159025acf59c229407aa63
AetherionQuests/src/main/java/de/aetherion/quests/manager/QuestManager.java	e0281f7d4a2ba358f1c225cdcef2db39088f5022de2004d36d693d7eb716bf75	b4d4b5ba61d49cc9cde37a84133e0c798768d7a9b1e608c82f27d8e693655a7f	M	4615fba60d086f8cd3f5db244b2e6e7e7bc58c2504b84d2546c12ab5cce1a8bb
AetherionQuests/src/main/java/de/aetherion/quests/npc/CastBook.java	b41700848d0f5f9dbaf8eefd20e6fb2bb002beaca2654fa6bcc7fbbe0a64f129	1bffb5c795bf05c5f95fe92a1cbd962fc2ed60be8b7b137f56bb87b80643066e	M	d36ca6b66f76d3cd1bbee213cec0f1cef06d5a92c34dc5551667f9f1c7e372b3
AetherionQuests/src/main/java/de/aetherion/quests/npc/LivingNpcAtmosphere.java	454960a92b6da69c5adfd0d4e8a9c6573fad5e28f1c16db02c6f4ea46884e3b7	f7da51f997fbe6871caffe4f6d6e8b1a43c6b1d8be9c2cb1089a5da08913379c	M	28336a42f846dc1e291c7b0c98db426f3b1649bb9364f2aa816b2acf57077c8e
AetherionQuests/src/main/java/de/aetherion/quests/talk/TalkUx.java	8b579cc7f5f17b8851ad82923d437af405a1c8d51c1d22aa5f9b60c9c562122a	07010988b2a7a934fed89720bd55f307b26f32aa0b1d277b769b9e7d14baf298	M	9553f97a435ba9a71e3a7275d6b65534a9fde0c093238b591de7bc1b5f90c0ab
AetherionQuests/src/main/java/de/aetherion/quests/util/QuestStoryGate.java	5f12df2c3c8f9c51eb95a44489e695abdc4cdd58772c8fcc8f5ab9797e0d77b7	911687724d9c2a7c8f485e6bfb1adcfab7cee753e7548e8243da92be6cfc99b5	M	252390c3c692dde17a291ca565fa030951b554a670786264002ee30d06831c16
AetherionQuests/src/main/resources/lang/de.yml	b6b978d16317c1e36d7c51d3b70380df12cdeb1fb50225b1375f1b9c1b078f29	328124b198568977b52dadb378892562191fe561446fcd075d4254de6f0f80be	M	c53c8804def1c8aff2c5069114707a57dd7f5a336fdbc1149e5606e7f32a6169
docs/dialogs/DIALOG_VOICE_DE.md	NEW	cc14bcd1b6c8c0af823b998a40125a8a4449a863e827732873345fe067d337df	A	
docs/dialogs/tools/validate_de_overlay.py	NEW	1ea6c2f3039c76b6281686b78189c195eb374b727a7c026464ac5dbaf698be92	A	
docs/npc/NPC_DIALOGUE_OVERHAUL.md	43dc95cb717b7a00d2a8976cad17f85fa4a16c64f1469c643773cdd5e51de7d6	7df51dbfd70a8de84d12ac4757e1a64e9550cd1d1ff94c468e0645c6f38f9dab	M	594c06fc545b227d1b8aab0ea0143332d666feed3175a177287612604910b48a
