# path	base_sha256 (worktree version this build expects, CRLF) or NEW	new_sha256	git status	base_sha256_lf (same, line endings normalised to LF)
AetherionQuests/src/main/java/de/aetherion/quests/AetherionQuests.java	59b9d257d9e104022ac3e605b6bd6596bd52f32471459e27b5bd19db8d5ea717	9ff185668842704498adca3221eaa06fcfaf33a035b5b1b48bd0b5e13c93cfb4	M	4ddf2efbc206632875361190be279e2f9cb73d50de7550955d688d83d317ed8c
AetherionQuests/src/main/java/de/aetherion/quests/command/QuestNPCCommand.java	e494d80f51e2eb32d42697dac5c10f65f7e4578c8e61e586b451798a94bfd3ec	c548ec4671d3fc14fa29d895f4d868cafbc412c5b94b333d2522d1ee897a91cd	M	26807f765ebcf768cfa11d7eb537748ac0f68e93085112758b1391fa46fb0eb6
AetherionQuests/src/main/java/de/aetherion/quests/command/TalkCommand.java	NEW	123a990480ccf9fbc6007cdb746b2245b87238ae2f84d1ac9f10169c7f064c1e	A	NEW
AetherionQuests/src/main/java/de/aetherion/quests/dialog/DialogManager.java	8c3369fc0f32a36c2090bd2e449a47b8d78393e55c7fd2eacd95e1eec0a391cb	cf5d88162c85e266ad031373f05bc8bd7a5057bec1d7ebf84bb828e83e9a835c	M	ef6880c80db1cc51a2ff48e8d7088975ed959d91f7b4e0b6d4b08db9b588bd75
AetherionQuests/src/main/java/de/aetherion/quests/editor/AppearancePreset.java	1664b7547f920a27769cdf0fdc0188a39ae5536e9f91cdac0be3e4d4e73a00b4	094a2edf5bc10d469d588cccdfa3f310c1596dc894eef21aa6d251a860909698	M	b8c7bf38f579216298b7d96955f74fa462507798c31eed2f23a7c423e78f1ad1
AetherionQuests/src/main/java/de/aetherion/quests/editor/CustomNpcService.java	e1e5bea66e421f39a4cd36af1316f74c232bdbd9052620a8fd152d082204e2ae	604c4808c3d2275028eee1703ebfcb2b3d216d64345287f73080081713a57b91	M	583e81ffab21aea183e91d82444a1d73a32b3ef39fbeed710e357bf350a4f695
AetherionQuests/src/main/java/de/aetherion/quests/editor/gui/AppearanceMenu.java	aafeacbf6e26b24a10337032922a7f9b01140f98540f42ce90efa6c416cfbbd3	b405df7098b42b9e954c9350b78e44f11d102aa59d578dc90848b6cbe5f8b8f2	M	d6bd5c9721dc94d49fd3eb03b5732b7d4625e6bfd4df5f7c7308c3d9e36c3e6d
AetherionQuests/src/main/java/de/aetherion/quests/listener/NpcListener.java	a308e76674e5495a54c01525b5e144ec42b9caca13fae19803e603c4de6582c2	baad744b3d3823a77485b4207af7800fa1c97468ca7c62f55cff9d508b8f09fc	M	c6fdc4a80ce4d18b740b6ce047d586a9909202db64f1c6f9e34839a4618624de
AetherionQuests/src/main/java/de/aetherion/quests/npc/CastBook.java	NEW	b41700848d0f5f9dbaf8eefd20e6fb2bb002beaca2654fa6bcc7fbbe0a64f129	A	NEW
AetherionQuests/src/main/java/de/aetherion/quests/npc/LivingNpcAtmosphere.java	127b0624c64e73e8508859c4ae1dca911c2316bd771d359d937649270860d0f0	454960a92b6da69c5adfd0d4e8a9c6573fad5e28f1c16db02c6f4ea46884e3b7	M	c743157e4309d6355414af639d173ae57315a6acaa051643f88bdb51da2df7ad
AetherionQuests/src/main/java/de/aetherion/quests/npc/LivingNpcLife.java	NEW	f19538a42b00b64694abbfb1e88f68b0a5b5aca352f8b76a1191efe9f7cb299e	A	NEW
AetherionQuests/src/main/java/de/aetherion/quests/npc/LivingNpcProfile.java	653b465d2e333d6c258d879ae2286c3f214327bca7ab27362f654e0fd67e5cec	acbee71d7d3c74a1c8c6d931880ae3dcdb53b25693713644e30b0d08d4790e77	M	ee2bbc175a67466e2f194bd89e33cac75480862f7521ea79176d683643d80bd8
AetherionQuests/src/main/java/de/aetherion/quests/npc/LivingNpcService.java	dfa5a99e5878e99cfa136a3e3dd97c5cfbe6b28c98e1105a17bc59dac23ec725	825fd4a992f29bc3d8561ceb415e3c4367696a281528e26814b9864461d1aa4b	M	4095b6e40647832ff1876a91f38ecc76ddade8d0988a550499bab76201a6e114
AetherionQuests/src/main/java/de/aetherion/quests/npc/LivingNpcSkins.java	NEW	8ef52e3c0d8419fb44092c3d93adc47c01a2948d970247224954b7b4f1b24836	A	NEW
AetherionQuests/src/main/java/de/aetherion/quests/npc/NpcMemory.java	NEW	448d5a7bbcc8135da4ab7d3054372b92ee82cdc6b0d5cf519de85247be9ad1b6	A	NEW
AetherionQuests/src/main/java/de/aetherion/quests/npc/NpcPresence.java	bf820894d1e9a2520a75ad0480334c42e754015c83ac878a0793b99a26cc6571	e773f87e05a435fae58b606dc61c4e45d5d378dd7117dbbd4631a0821206681d	M	1617eb25a8ceaccdd4f780ac1d5bd33b63e72b3a9fdba3edce00e5286d270b0d
AetherionQuests/src/main/java/de/aetherion/quests/npc/QuestNPCRegistry.java	5af007d240fc200e9669a4a8d2a73def2b5714c6e8f2d6903287c440f8f4d8e9	6f20db82b7d217f91d231d95d41fbc7b27de2574eb4cdb0279533c4b8c014820	M	dda393f3035722ad5a6b634572f7ed6d97782e00155700d382cedb057da31a07
AetherionQuests/src/main/java/de/aetherion/quests/talk/TalkGlyphs.java	NEW	40118766bd5634aac64570c0a5992ededdf8f75a4787f16c35e400b1f8c21d64	A	NEW
AetherionQuests/src/main/java/de/aetherion/quests/talk/TalkText.java	NEW	129d98ffadb4ce86476f6377b883fd2fd87d6a6570dcef8d2d3dd2ace1404a8d	A	NEW
AetherionQuests/src/main/java/de/aetherion/quests/talk/TalkUx.java	NEW	8b579cc7f5f17b8851ad82923d437af405a1c8d51c1d22aa5f9b60c9c562122a	A	NEW
AetherionQuests/src/main/java/de/aetherion/quests/ui/EgonBriefingGUI.java	c1d4f29dca60f2ff49e6cce85bd28fba41e11df89cbf9fe023365d0d786a141c	3922758cb0e290abc3a4a6193953fb469769a89dd1db3b085cd002b94ee9b58e	M	e0a2521ba709e432cc2a98477fd91b5925cf90b18fda33dce4859b8b87c48b12
AetherionQuests/src/main/java/de/aetherion/quests/ui/IdeaNpcMenu.java	NEW	35a4ccecf01c8d8bdfe8b4d7bdba5187d111c050d9411c507f0735acd44dca40	A	NEW
AetherionQuests/src/main/java/de/aetherion/quests/ui/QuestMarkerManager.java	52c0626dc7354b1cd26b7eededcc31f298b565ada4bbb8195a418609bd884543	f49c72c70310951d430d3caca82c616b6538d57371547db0d6e47a1d6429d178	M	5adc01bf32746996e8d9fc5423bcb9a07ab920ffa2e20cd7ba92083946acff21
AetherionQuests/src/main/java/de/aetherion/quests/util/QuestStoryGate.java	167095dd6f44f9e43370987850885fb793df9c51c2614017ad78ec6c1887d7f8	5f12df2c3c8f9c51eb95a44489e695abdc4cdd58772c8fcc8f5ab9797e0d77b7	M	c2090a02754a01381d6bd78514bd7872ce494e409a0d6aa24ed1d23d4e9e2073
AetherionQuests/src/main/resources/config.yml	d4c52ca8e4caaf75724bd7a3bfe09833cf9e22e97fa4d9e1e9186a16d3cedd9e	bed0912cd778e85ede51e2a7050c613e2e5eec4539b9062c5ca67eb399e361ed	M	a499639686c35a081bc36eb0c8c1f5312c4bc76b6f12502d0070115f04206fa4
AetherionQuests/src/main/resources/lang/de.yml	fdc2bc992187d31924b465eed38a07570e1edd0fa1ff27b6666d9dfec1186cdd	b6b978d16317c1e36d7c51d3b70380df12cdeb1fb50225b1375f1b9c1b078f29	M	6a1d3b90bc001de1ce620d2e4ead14120e7dcffe376718ef50fa9d890b0831df
AetherionQuests/src/main/resources/plugin.yml	2236ea088af3875f27df6c936e6c1e92ac090b15b958ee80452fa93cfe1315f5	b63ed4e4d7e7dae8a2e3272abbc4bb3686c0118d4245df9da44928d2304593ce	M	4d149eb91b08b792b9ce4a5b32589ca53d05f2344fe606f3e3eb20f4d5703ed4
AetherionQuests/src/main/resources/skins/cast/arena_proctor.png	NEW	783ca5a8963e67ad8cb2ae191146bc9995122baeec8b9b17a18833ef4c9f7295	A	NEW
AetherionQuests/src/main/resources/skins/cast/bar_whisper.png	NEW	738454bf2d7772e4a4dd8c30bbf6d4b4bbd2d5d5d5acea98248ed57c39aa1671	A	NEW
AetherionQuests/src/main/resources/skins/cast/booster_tutor.png	NEW	beba92cb97f331fe35da8c8136cf45362eff24bca7148b0d31ae3fe4c9285be8	A	NEW
AetherionQuests/src/main/resources/skins/cast/canopy_clerk.png	NEW	7f092a09f000933d7eca4954d4513cc2220945d1f92f736bdd18a40c244c7550	A	NEW
AetherionQuests/src/main/resources/skins/cast/craftsman.png	NEW	abdce58b781ea2169350d6973fd5bbc53b58f1711144131c4bdba0f245a299c2	A	NEW
AetherionQuests/src/main/resources/skins/cast/egon.png	NEW	3b6d68f0d57d877694b6906f9fb0a39801f1a9174b91d16a6ae177f3937d60a5	A	NEW
AetherionQuests/src/main/resources/skins/cast/eldervale_upgrade.png	NEW	68e8dcbd00237322f6c48dc88fbe8f207670d03246ccbe4730a7a948c4a4f963	A	NEW
AetherionQuests/src/main/resources/skins/cast/eldervale_welcome.png	NEW	7d3a8f93afd3335f09c3963f136633f64d77814cb30d3f4967e2980d6e138c08	A	NEW
AetherionQuests/src/main/resources/skins/cast/farm_isle_guide.png	NEW	c7e60d72be0fddbc1e9c619b2f5293755421b0a231ebb536ca842c76b8450c36	A	NEW
AetherionQuests/src/main/resources/skins/cast/farmer.png	NEW	9c00fb6c77f3e6fe3da7f37d69e94e33d050e8df909961db939a984ca35a63ef	A	NEW
AetherionQuests/src/main/resources/skins/cast/fisher.png	NEW	2a1e9b03bcca60173ff987b9ef8ca35049afd410390827b871f0736e0a9cb95f	A	NEW
AetherionQuests/src/main/resources/skins/cast/fishmonger.png	NEW	050913816a4641a76cf3ead09b2f5a7a475c097ba2acc6b59fd0071ab8a858e2	A	NEW
AetherionQuests/src/main/resources/skins/cast/forage_pad_guide.png	NEW	f5dfac42239da08615c0ba16521a98e8cdb24ad1afd79c9e9f6011fd06c68c0b	A	NEW
AetherionQuests/src/main/resources/skins/cast/foreman.png	NEW	fc300d7d0ea49d47923160ff6d707d2f5461d54a268d46a2a6e54f4759cdd53c	A	NEW
AetherionQuests/src/main/resources/skins/cast/isle_clerk.png	NEW	e608194adf32ccb9ed5bcf4f55890e3876dd1418a003bd0170c570b2b21b86c3	A	NEW
AetherionQuests/src/main/resources/skins/cast/lamp_lighter.png	NEW	68592a50db5fd1c649336cb22b541d12d4f86a5b8f2544d9f556889139f9cc0f	A	NEW
AetherionQuests/src/main/resources/skins/cast/lark.png	NEW	2d81d61531341f2b56ca1920d4eca3ece680238dcef6fdc79a37647fa2dcf83d	A	NEW
AetherionQuests/src/main/resources/skins/cast/ledger.png	NEW	085d8a4b7e01cb015f46125b429cd831fb01cd766ba237be949432d8cf1b4f5d	A	NEW
AetherionQuests/src/main/resources/skins/cast/liquidator.png	NEW	338c26b8890ea27a3bca317c76903921e1f0e6469c2e1bd63f54d1e9b573e4b3	A	NEW
AetherionQuests/src/main/resources/skins/cast/lumberjack.png	NEW	2d36102604640787faa91382bc960b6848b6ec5658b1e4a6b30253bbf389d7c4	A	NEW
AetherionQuests/src/main/resources/skins/cast/merchant.png	NEW	322c5a68a35d85d59afe032cbc0411219f23d59286e32c675268cacdedb50a8e	A	NEW
AetherionQuests/src/main/resources/skins/cast/preset_farmer.png	NEW	4daca36c64af4206e8a554864826729f2153f149f8a1f6043c583d927ffae97c	A	NEW
AetherionQuests/src/main/resources/skins/cast/preset_guard.png	NEW	6f032c53a010d3007a61e468e1c7e1f025e38d649e2341e53dda07774ee9797d	A	NEW
AetherionQuests/src/main/resources/skins/cast/preset_miner.png	NEW	fc7ae5ab7582324c77c8deef316382251599662d23eb566fbe5e14aec52bf55e	A	NEW
AetherionQuests/src/main/resources/skins/cast/preset_mystic.png	NEW	9ea77d40fe7fbb0e11ae4dd965f9a1086244b422c2c24ac75cc00491eefaba53	A	NEW
AetherionQuests/src/main/resources/skins/cast/preset_rogue.png	NEW	2bd497cc903b8c53090df6fa6d1d3e436997e8a7b5af57ec7a8913decb5898cd	A	NEW
AetherionQuests/src/main/resources/skins/cast/preset_sailor.png	NEW	b6059a4086c63001250bc7c8e1485b61d724a010f8bc2833a1a1d489362af98a	A	NEW
AetherionQuests/src/main/resources/skins/cast/preset_scholar.png	NEW	728a818d82175e6b717e76e063bf20416b41b446763ff9fc4b5e42582ed0e4c8	A	NEW
AetherionQuests/src/main/resources/skins/cast/preset_scout.png	NEW	ec7a62ca5c455d13d6b116facc22521f50c56de7c63fef7018ccc11a276bbfe4	A	NEW
AetherionQuests/src/main/resources/skins/cast/preset_townsfolk.png	NEW	bb065ca4679064268f65f7406eb9c9e6b043263bd1d26291c3522ac06330b9a6	A	NEW
AetherionQuests/src/main/resources/skins/cast/preset_worker.png	NEW	b427cae8a5a5942acf9a05e40f2eec263cea95a25c307fc93ccbec2f074715a5	A	NEW
AetherionQuests/src/main/resources/skins/cast/quartermaster.png	NEW	df4206d8a5fe4093d92a999bd5a7056d009ea6e325b2c541df1b75ff324d6d17	A	NEW
AetherionQuests/src/main/resources/skins/cast/rite_keeper.png	NEW	3896e587d18be0409f3c1266fcf07757460ae787b59bda208d095c32fdcc23d5	A	NEW
AetherionQuests/src/main/resources/skins/cast/root_cellar.png	NEW	3b8b1078584bf05f28a98738a7d9ac66690574c5ad7b83ebd723e8c61566589a	A	NEW
AetherionQuests/src/main/resources/skins/cast/street_sweeper.png	NEW	9209289d7604ea0ac2b11d65f75905612a610f93badea80e4bd571dc7886674a	A	NEW
AetherionQuests/src/main/resources/skins/cast/surveyor.png	NEW	4d24bebbc655e5c7ae8f1cf4aa200dd84a95489ee1a4a628dcc3675bfe55ccdb	A	NEW
AetherionQuests/src/main/resources/skins/cast/town_crier.png	NEW	a1fe530a12962b34cda496d7f21e5a67d0bada51c0816bd6afa75c4633d4e6c1	A	NEW
AetherionQuests/src/main/resources/skins/cast/vex.png	NEW	7a337613178811575ffbebf3f65c3ce7cf749f0530510e0c093c5aa130691925	A	NEW
AetherionQuests/src/main/resources/skins/cast/vince.png	NEW	8c3ea549d8433f8de62d427cbfbc131d2e6199b9e046a51404d402a8c9c199fa	A	NEW
docs/npc/NPC_DIALOGUE_OVERHAUL.md	NEW	43dc95cb717b7a00d2a8976cad17f85fa4a16c64f1469c643773cdd5e51de7d6	A	NEW
docs/npc/skins/paint_skins.py	NEW	504abb8d1303237a1d0e41f093d3f62d47270bf1c4c93a56d964e405d8ba570f	A	NEW
