# path	base_sha256 (NEW = file must not exist)	new_sha256	note
AetherionCore/src/main/java/de/aetherion/core/api/MiningAccess.java	66bbbe16d6171d81fd2a80bbf374fb4c3a3d7ef69209fc4685279fb920f0be7a	d2e4004c77cf7ca5fa7257f246336bfd8dc3c6d307fb85be8448760dfb539b2f	
AetherionHub/src/main/java/de/aetherion/hub/command/SpawnGotoCommand.java	73e29811ea645b2a18852dc4c702759cb6fa1eb7d1f313c7f4cb899470042d89	9b38ad69e17a1e938b1d721067036ee7ba86a83d4263e282dc5acedb92bb9881	
AetherionHub/src/main/java/de/aetherion/hub/service/HubService.java	0d6e5d0c2ed0818fe4fbaf7ecb01ecca1348bc9de6204d7279b908d391fe6425	58d0cf585a464ccfc834597b799ba562e87ecf08362ac1febf80c7fecae6e97f	
AetherionHub/src/main/resources/plugin.yml	5ee2f89a986c82d0562e7dff421e3c40828ab1ceb998e24097773f6a2960c4a0	7c89f31d5f4fea9a7a34ab027975f347ad29671206a6cef3f4a045029b4bf3d8	
AetherionItems/src/main/java/de/aetherion/items/blueprint/BlueprintForgeRitual.java	ec445d5a0ebf995bf2c1c562c58b73a0884c53820d9407644fc8efe0577553b9	16d7ced1e8f558feafeea76913ccd523cce4170089c672a2d4ab86615f6db2ca	
AetherionItems/src/main/java/de/aetherion/items/listener/HarvestListener.java	275c225f55cf4e7aa1b4e335ce93be196ded3ed4e6efcba84c4f926e9ffea745	b32bde9a5f2f9038935d36ec6ade22672daab2abeaa17c46882b0a351bcc06be	
AetherionItems/src/main/java/de/aetherion/items/menu/dev/MineIsleDevPages.java	NEW	c3095c337ebd3283639ee5eac94f8b40d50953d7c1f38f959eabf98b355dd279	
AetherionItems/src/main/java/de/aetherion/items/mining/MineIsleHook.java	NEW	b95adbe0933e2f7c06b46d0f3646dd64f8f214fce2aedc3e30358f96bc40c12c	
AetherionItems/src/main/java/de/aetherion/items/skill/AetherSkill.java	85debe1f99f48960362ec8d3c4a95ea52750e246640042a8d4f077a561acbc27	a16455714edf305e23d8748be6eeab10e36898173d1e65c7a35414c95a46c7e0	
AetherionItems/src/main/java/de/aetherion/items/skill/SkillFlavor.java	5c83fe364f7438a8b895d3f7798fcc86cdfd0c36934286af57b213cced8e7875	24f55a90ad94e9a0b297fb1604188e722bf3f42dbc167634ee833de7575019d2	
AetherionItems/src/main/java/de/aetherion/items/skill/SkillMenu.java	d7875e69b48ba3a438c9f6c755242e8d4f38a580dc168ecea5bbe0ed52bc1aca	02ffc3d0914c42c05536d134eccf35d9700525b189a5182d9fd9f0d9cdf54346	
AetherionItems/src/main/java/de/aetherion/items/skill/SkillService.java	19f5649e362d9f21b9e56db0ae41a97d00a31e5e922dcee0ae203d01ea817562	c13911fb4b8a22a3d08e43a9f48c83e5131dd425062d2b92141b7400a5cefda4	
AetherionMining/src/main/java/de/aetherion/mining/AetherionMining.java	86727f7f7b0e3003f9296e34b5ed984958f37f03d62aae96b169b56af1c0bc7d	50e9bd796e6143de244790f4c3654186441d8d31d818007fb9780d167b090314	AMETHYST_EDIT
AetherionMining/src/main/java/de/aetherion/mining/api/MiningAccessImpl.java	f590ac8322c0c6782d032b3b3d15b68557f2d49d502f6ea4faf55a415fab634a	7f8a5c79bc4f9e8897b7e8e8e23320e8d8c5475e8432850465578905f9a05048	
AetherionMining/src/main/java/de/aetherion/mining/isle/AmethystMine.java	NEW	65813c713527a333390cd6bf76a1b3150764fac50f1bdd9ce16d1a10368e77fc	
AetherionMining/src/main/java/de/aetherion/mining/isle/AssayLedger.java	NEW	8e4f5b7172443cb5c8eedd1f13cd3379c4c156228646d937a2cc22d811ea8493	
AetherionMining/src/main/java/de/aetherion/mining/isle/CrystalFinds.java	NEW	cb863316bf905dfca6f50b0602afe8b311edbc7f009c25c9d3fac74c3e9f776d	
AetherionMining/src/main/java/de/aetherion/mining/isle/ForemanContracts.java	NEW	3c3d79b130e286f1e3bd41e675a95314023163c6510f83a7df9075f068f669ef	
AetherionMining/src/main/java/de/aetherion/mining/isle/ForgeWorks.java	NEW	9725b7c3f6a78df498e349a5258578b5391f3b4d8471434fdf948f0b794ff69a	
AetherionMining/src/main/java/de/aetherion/mining/isle/Grade.java	NEW	d0514d967e932bb91bf9f85f0c09612b1a456cf3f8430572a9c9c14cb6ed699c	
AetherionMining/src/main/java/de/aetherion/mining/isle/Hearth.java	NEW	ec54170ab8cb1956ed2679e3688c6cd4aa7761529a6e97f4b25a8efa72aa4c32	
AetherionMining/src/main/java/de/aetherion/mining/isle/IsleOre.java	NEW	8b446ac3698cde98b738d5b1d859524ad69b40186aa49f8463af181d629f763e	
AetherionMining/src/main/java/de/aetherion/mining/isle/MineCast.java	NEW	817758709f4cd89f6ff01b0a62386b50657fe7c7e36c60bbaa2fe3d292a306d0	
AetherionMining/src/main/java/de/aetherion/mining/isle/MineCommand.java	NEW	50db692eb7efc4c2d8f3f0e85e49c233fef69b266876afc51410d1d2d01ebebb	
AetherionMining/src/main/java/de/aetherion/mining/isle/MineCompass.java	NEW	4076fb5dd0b26c8a7db4a79becc848fcfb29a875307120844cc3652097ad0ce5	
AetherionMining/src/main/java/de/aetherion/mining/isle/MineCritters.java	NEW	86ec2472f7c227e0065e4fe183beb5aba1e7033ca87c9947fa75f8354b0ba95a	
AetherionMining/src/main/java/de/aetherion/mining/isle/MineDev.java	NEW	06810494a1d321343453eedd5cf65ac16f3c75b073aa6ef8912051107257d065	
AetherionMining/src/main/java/de/aetherion/mining/isle/MineDistricts.java	NEW	9d6e89d7c4cfc141bf2aa3ad1df2577444681aaf7e2eb75b3f7b3bfd56204e91	
AetherionMining/src/main/java/de/aetherion/mining/isle/MineEvents.java	NEW	f16870c751b67ff08d243fc09f36b8d85907ef9e1a424c9c875a90d5ba0e59cc	
AetherionMining/src/main/java/de/aetherion/mining/isle/MineHazards.java	NEW	4ae0e632a420c05e57154a6e365c013532632ef926de29b67cd92bcd69ce86d8	
AetherionMining/src/main/java/de/aetherion/mining/isle/MineIsle.java	NEW	612d7761a7ec51f6a97c21c336256ab4f5902b33e0df9918b31add450b825142	
AetherionMining/src/main/java/de/aetherion/mining/isle/MineItems.java	NEW	4c944de774e729d690075683d57089b850252758aac87c1c2ca6a1683403bbac	
AetherionMining/src/main/java/de/aetherion/mining/isle/MineMenus.java	NEW	3424b1dc1c65c4e03bdcec977b4d3adb48c91e07fa24bc77148e4e0384fdd36d	
AetherionMining/src/main/java/de/aetherion/mining/isle/MineProfiles.java	NEW	f5e3f57dda158d8673b58e95922a75a4961306e33769411a4f67e4a04c81abb7	
AetherionMining/src/main/java/de/aetherion/mining/isle/MineProps.java	NEW	2eaa13078c215a00cdb9ee3f6f1d4f75e7dde479f67f4488864ee2881bea9475	
AetherionMining/src/main/java/de/aetherion/mining/isle/MineRole.java	NEW	23eced1026ac68715676cd67b429eb4a08d7867cda533fdfd2beb26b329beff1	
AetherionMining/src/main/java/de/aetherion/mining/isle/MineSkills.java	NEW	ba2da152699db41addbabc5f54941e42a1f58bc836ebdc6017fe56887f383184	
AetherionMining/src/main/java/de/aetherion/mining/isle/MineText.java	NEW	31bd84301e9bbad9b20ceb6d24558f320fdac773c438fd19d63d1f9dde78dbb5	
AetherionMining/src/main/java/de/aetherion/mining/isle/MineWorld.java	NEW	02afabb897bbdb7c9eb2cda4a7e9c7fc4d8fac7074c1e9476b814fdc05d5ccb3	
AetherionMining/src/main/java/de/aetherion/mining/isle/OreMastery.java	NEW	034bcab6774326157f4a71637bb33757260e352c05c78886f4bbbb33c7c3909c	
AetherionMining/src/main/java/de/aetherion/mining/isle/StrikeRhythm.java	NEW	b9e8f9bce106dc81c373610c81e624fc6868a7e9a3644a7f5fb17eed2681b261	
AetherionMining/src/main/java/de/aetherion/mining/veins/VeinsChunkGenerator.java	61274e1a54d41934925e3ec6d205ff5e863dbe8c674f0b880148b92be80104f2	a600aeea5b4be0e46ba08bc8bfcac71f0b611bf77f68827e76e9677153ddfaee	
AetherionMining/src/main/java/de/aetherion/mining/veins/VeinsCommand.java	f14649761c74659b7b7c29ac438676e17d199ceef5cfa0c262a6c7964dd7a65d	432069cc1666f655bba0fe769cb5f53f2d9a900da1bf7345e2b3bda46924ba98	
AetherionMining/src/main/java/de/aetherion/mining/veins/VeinsWorld.java	c81487c226d898906282263339d0e3435e1b5004ce60c13cec463301d1f0be91	0b3c1d9a17f48d227c7232a138d2f8de1672af865d8cdcdd0f75eb72b26624d7	
AetherionMining/src/main/resources/config.yml	fad2eb223e91c3ad778ef7807522d34a6297202b805118335ea12d24223e8f48	0c009ab154a915807ad9dbd743679f16d18560718671b8f481fa279548060b9c	
AetherionMining/src/main/resources/plugin.yml	5b66375fcbb53d2dc2abb8244df2a9745cd54bc71ceefa88db3d8a2a18959a8b	46def426213bdc6fe8f730861d4029a92cc8c2ad9567fdc3f7b8df711a43ff69	
docs/MINING_ELDERVALE.md	NEW	21efeb7a7a8d646b8592e071371520fe545cc073e88e2ca42e3dd4cd31116592	
docs/tools/jar-surface-diff.ps1	NEW	72314cda4cb8eb2ea855aebec239746f53078c80bda65b2997513b509ec75178	
