# path	base_sha256 (NEW = must not exist)	base_sha256_lf	new_sha256	new_sha256_lf	kind
AetherionForaging/src/main/java/de/aetherion/foraging/AetherionForaging.java	53f3cf4914ae17842cbafb3207aef15c7f70921bc801389d20c96ce0b0a8dfb9	232928382676faa4bd0df9f17f6ce8e288ec79c7ae2d2019b9b9febeeb42f04c	4f81b2d1862d2d8bb7a53b79be5a4d1676f914c706f71322330d9afc7b1576c4	ceea46027f6125064f59d11beb71a528731b45d3862bcfad3490a814721d5563	text
AetherionForaging/src/main/java/de/aetherion/foraging/FellPulse.java	3015264844290949f3cc1f8b73edb578c6c502f41c9203ca5ffc0dc01aefde35	4f2e521a935c1091defc16155fbafefe0207d1af8e64f1ed5d078edac2c5864f	2eccd4e4bc03938ce92759755a363c567fd60b5887bf5afb7005af466791c2b4	73656b25b30c7b22ea9adc40636835a6ddad2a6c30c80c55cf9b042b148fd3ab	text
AetherionForaging/src/main/java/de/aetherion/foraging/ForageKeys.java	461a966e95a9abeee90a26c22f6a36740cc66c0b0d25c0809cb4b465f7b60efe	020e114417b7cb87c224d0ee56d96a4322ca31201ba9a0c2d66b39d2a0774ebd	e6dbea278af7c5155a1a6f99190e66ad65be49c52c663ac2ba4198cc4ba32fe6	fa5dcea7ba9b4b42fa337338290e4a956687f8e3cf8466a6639b058afedc9e3a	text
AetherionForaging/src/main/java/de/aetherion/foraging/ForagingHud.java	d93a521485af31b35240f8f03ebf2404f055a685eac1b41d3b84669ed9c0d8bd	a00579971fe4b0ff6234997d90d3a9d4fb55f037ed11c3a33b180c65f4800f03	fc5c53a42a3e3313b025de0935ec60479220d0ce45c873ce86ba2515ff5c6422	93221f64a69f92186d1f714e57fa0df144102f870c04546d2f968d02029294f8	text
AetherionForaging/src/main/java/de/aetherion/foraging/ForagingListener.java	b814aa864ce3d4ff138e52f97aee009c777103c634471b63314bada28b0444ec	77bc34bc8a3915b32fb7fbbd4ea1c17217f84385f77ed9f6edad442dccd6850f	fda3d89d3467fb477e617c7ecb2174408b862ec737dd4751e1598533db6f9640	45dc3394592f30f37effb544dbaf3ae6bc5f00f24f520cfb4764f346a1dd8fd0	text
AetherionForaging/src/main/java/de/aetherion/foraging/ForagingStrike.java	5bc751aabe703646698a30267ceed3b67d15786cc76f7fd9a041e3e429849091	0ec87019747a7f3e792ba2e115e9571cbe90900c219afe5a7e797a5c0266f3c3	ab08ff870ea9b02c913414692e8191b67a2c28017b53132ec47448e1ff1b10d8	a943a354f10b01b76bb97186100c5833998fd1fff2298f72723242090bf6a5ff	text
AetherionForaging/src/main/java/de/aetherion/foraging/habitat/ForageHabitatService.java	cf3338e77b099cb4b4abf64dc78ba08dfc9fc050c15e6ea0771b6e4c2782d2e6	903b9e3a5ef0468bdec2ec2b3cc494e4fed36cd24ce2d4967ed3bd57df727b56	632731262251d91e9e859247d3f63e162150abc9b2d24b5945275bf67c02db12	3c5722048c037387262342e433bb6a4179c769da34652a97742db499276bbdad	text
AetherionForaging/src/main/java/de/aetherion/foraging/isle/CrownFinds.java	NEW	NEW	105e68ed699c7ef31d18268ba681ab1b445b13a72a555aa0e77527147ef1d397	7697a75ae427b18310387d4731fc06290bec5cd06d8b22dc8dfa35892afa99b1	text
AetherionForaging/src/main/java/de/aetherion/foraging/isle/DistrictLoot.java	NEW	NEW	fc28c39692a066667e5ad853a424f8e85f50cd3af96810c38a7bcfeb0e3d0367	afa2b54ac388d4bd729546839b17d4a0f681f666a88c77eb66c6ac011aff7497	text
AetherionForaging/src/main/java/de/aetherion/foraging/isle/FellContext.java	NEW	NEW	f9888bea3d497a9743819417ca1c740843eae9b35edb8f9412bec847cb05c66d	28a142370604ecba005fb40c84eb0b838fe66007ba637d929d93ef0c0659b952	text
AetherionForaging/src/main/java/de/aetherion/foraging/isle/ForageBridge.java	NEW	NEW	d6f249bf617f8216aeba28f03bf1f5af335585c76cf539bc70b99427d50b1063	ecdbf618ad66f4af49c962fe68e1ff25c28d68952684f0016ec22bba2075b850	text
AetherionForaging/src/main/java/de/aetherion/foraging/isle/ForageCast.java	NEW	NEW	b97e3298a510471a51092333f070513bb59d7ae4cbc813560640648c95e0539c	0f95474dd4cf494fe09a2111b7f2cee7b0c146be80908a136dbcb4ded35f1b3d	text
AetherionForaging/src/main/java/de/aetherion/foraging/isle/ForageConfig.java	NEW	NEW	6c6df71c95b0bbd0e5fdac85a63f71faa94f13d8ba6fa2687171627722d81678	91156688de3ffb0f3dc8367ef2a435a81f6f31111ed0bb7b891d3231bde4598d	text
AetherionForaging/src/main/java/de/aetherion/foraging/isle/ForageDev.java	NEW	NEW	9ce6f2a2e7fa4d5a1a9f963affe2992f9aabb790a3e221981b1252d4d1ada2dc	73bbb3982e02ead5a8fc1f7e99ba410abddbcae7e286c0a9dc85ef3cf73fa40c	text
AetherionForaging/src/main/java/de/aetherion/foraging/isle/ForageIsle.java	NEW	NEW	91a9851da3394a3245f5cf9bf118b4052a33cf855f512434865915743ae69c38	511e4ac14a8e0c216c145a6d414d71b5226f418a38b456b52bfdf9f694d3dca5	text
AetherionForaging/src/main/java/de/aetherion/foraging/isle/ForageItems.java	NEW	NEW	0979692be30d0f5ea06a8a6028b75d77aade470fcb73d31f7f50950fa6164299	38c6cee60c79e8ea4ed7059f8b285b61f351bc56bf2005c85c8acb52190da226	text
AetherionForaging/src/main/java/de/aetherion/foraging/isle/ForageMenus.java	NEW	NEW	c21f5aef89eaf8def3182dba95a0d6e896afd9ed40468b72383c41279a9a4224	860249c0639c6f8564ca07587c2dd0b39baaff81c172cc141114c892127a5eea	text
AetherionForaging/src/main/java/de/aetherion/foraging/isle/ForageProfile.java	NEW	NEW	146a2b700cd730ae058ca4c41b9263d3cdacbd277fe868184b52f1f162b9d34f	8281d6b0c647a682701ad9ee64e5c06485d8178b8e6440390fa027bef62b1d79	text
AetherionForaging/src/main/java/de/aetherion/foraging/isle/ForageProfiles.java	NEW	NEW	868028ce43283a111652bf114221e5010fb1157ebed6bc9324ba60b22986da5a	0899426fe7bb72439d91892fca6703d16cc019d6d9162c340f74ec4adc4fc85e	text
AetherionForaging/src/main/java/de/aetherion/foraging/isle/ForageText.java	NEW	NEW	f6df05883b252afd83b59f62db40d5cf142270816980ff448d2806f5c8c57e9e	a0f8c423318aa2379456f28aa792fbc4355e7aa13df67e116da4eaa795a23d58	text
AetherionForaging/src/main/java/de/aetherion/foraging/isle/ForestLedger.java	NEW	NEW	f85e786ccf7ee1b11c8ce60b2be49cdc4dc60d7800fc6b78c4e7bf145312348d	df4fe292035c655b485dce3721e32fa0ddcd5aaaf8e6b7040555a0ac842b1d65	text
AetherionForaging/src/main/java/de/aetherion/foraging/isle/Grove.java	NEW	NEW	b9dec125d205a7ca88739c8777fee819d788959d0c42f71c0c22f193f9d288a8	661eef99966a0f438c98eef0807c9f8db8f90d1b12ae9d4f250b791fc2bd922a	text
AetherionForaging/src/main/java/de/aetherion/foraging/isle/GroveCommand.java	NEW	NEW	c055861e498c84ef380900eb0e4704bfd91a3e26ae752bb4bb7fb769f99f3d4b	578ca1dc561aca678f67e97b2bdeb3c968b65af669c98b9d34e3354cd4bad76a	text
AetherionForaging/src/main/java/de/aetherion/foraging/isle/GroveCompass.java	NEW	NEW	dac3a9e7b1ead5eea4b08556ca5220b802332c2df645513635c8329c133615ae	0e356132462198245a22e365fedbea6963bfb897a2df5bb8cb170034c98281dd	text
AetherionForaging/src/main/java/de/aetherion/foraging/isle/GroveCritters.java	NEW	NEW	e55fb1984a850fae1b1d845f558f17cf8084794572b0f03c4fad429c472021b4	35c797cdd3b0543c61dcfea9ef122cfc11507f99980700a4ac52322089024620	text
AetherionForaging/src/main/java/de/aetherion/foraging/isle/GroveEvents.java	NEW	NEW	7a830371f68abd056e5a3224649e1533d0d3eccec503b43e7d14d385f2abb611	c73613a13a276daf81a965b693b418e2abf570fcd08655755ea1405776c9f696	text
AetherionForaging/src/main/java/de/aetherion/foraging/isle/GroveMap.java	NEW	NEW	14044c32abc6e3029ed820f620fa0251843789b6f55a71ca85647643ce56b6ff	c7d0f170d866c5470469a124cbbca6007729d4e5dabc4e7e05586f3e3dddd581	text
AetherionForaging/src/main/java/de/aetherion/foraging/isle/GroveMastery.java	NEW	NEW	ad7191049066469d37aecc4c54cbacaf228e5884ab25e1a0dec546fb047dbcd9	2864773b9d1374923e5a7acc1669b7a6e752898349698aad97bec0667ad2ce68	text
AetherionForaging/src/main/java/de/aetherion/foraging/isle/Landmark.java	NEW	NEW	b2c5e248c531f2576b729e6a89d99e10d2b1bba9ee8741a5c487cb68573aa7e9	a5bbbd77b0c20fde67b076c6079457ff5fa8626df09ab2a6a5b8a62d76897029	text
AetherionForaging/src/main/java/de/aetherion/foraging/isle/LumberBoard.java	NEW	NEW	c6ae5e47d1745647adc9c5f11fccb5855382c04a5520a1598d328196860073d8	e46ddf130f9ccccafb29d35a76caa99996d360e3d9db6c418e86035d1bf1e6a5	text
AetherionForaging/src/main/java/de/aetherion/foraging/isle/Traversal.java	NEW	NEW	72f3ab78ca43979e0cd0e2b995bd09d53622b4bbfe7eb20a03103e093369b652	1a23a3b9647ce605f0c7fefd96e238fb9aeaecea0d960d92b4c13f3ccbc0cd1f	text
AetherionForaging/src/main/java/de/aetherion/foraging/isle/WardenStanding.java	NEW	NEW	abdaae962f3117c3843b8c2d961e0582fd94d3a70ed37c4595209c61d17e1416	45a9ecb0fa45724604e5521fffe0de96d1e7c1fc6bdefd6247aaad92f96be065	text
AetherionForaging/src/main/java/de/aetherion/foraging/isle/Widowmaker.java	NEW	NEW	25b00ff8abdd4be5f6ae634d92e07cc024761f72bf791d563b49d13756ac2dd9	e32ec514740a2ff995eb385b04b701fd2844991c620eac20187ade9b3f499840	text
AetherionForaging/src/main/java/de/aetherion/foraging/isle/Wood.java	NEW	NEW	4d46448c75c4922ab59e82c54527c641cd3b25042876509a977ecb810905123c	b00ce91e8000f78dbe6e3903535ed1cc690082f0ea2010c91105c7883fa6aad2	text
AetherionForaging/src/main/java/de/aetherion/foraging/isle/Woodwright.java	NEW	NEW	1faa38c4e71391f42bad60641f14feb8d8f9678d0179b2f9b0c3a67d95301870	ada4503d01fd7f9c2a1f47f5173ceaf3bd3fc78f49a867be36088c4d9c8c6019	text
AetherionForaging/src/main/java/de/aetherion/foraging/npc/IsleGuideNpc.java	421ce9ac87b1f644b02ca61bf416f1ebe55dc35d51770195624aa79f8fac653f	7228fc9518c01dfdad8121a9eabe046f32015b2acb51eb0625cc117b8ce42d0c	0c87b54131c83f4cc9d6a4a48a8593d6fc35aad896abb68a46beee28c2bc44e3	949838e820dfae3cd68d7dae7e42822d2a370ffb169f3a766f5f01472a7a2330	text
AetherionForaging/src/main/java/de/aetherion/foraging/weather/IsleWeatherService.java	d5404c6f98006e082975bc740130813d03af3877183166e93b7e516971bd3d88	301596b0c840f04d96896be0efe43c66b94e38f45062e6fd517669e2dbb4a3dc	d4dcbf1520c1a5776b197b0c3b90152268891e771faa0ce7ed3d344a712214bd	efae8bc2c0dd0e9f363a308a16f861ce7335799d815f3a0c170d5858177eb0e8	text
AetherionForaging/src/main/resources/config.yml	aba6134303ff421e8c69ba2f52f187ad23e943ed27481ffe9e17e8e216099209	878daaf7cd3754d69ee355c8e4a74ebdf22da27903275a2f281c3a32faf8d48e	c94ea7a1d1dd06e44f3bd3dfc6bc16b3f5453f7949c76d3ed6e9093267ce3ad4	5527e163d20c5356df82f044c88590ecc84958189fef2da4fc91419b779f7fad	text
AetherionForaging/src/main/resources/forage-districts.bin	NEW	NEW	878f4cd52cf6726533181bc448d7122f5f4439777cd8ea32153f30abf48a68aa	878f4cd52cf6726533181bc448d7122f5f4439777cd8ea32153f30abf48a68aa	binary
AetherionForaging/src/main/resources/forage-isle.yml	NEW	NEW	c945046780032355d74bb3f92a24b188d53fe7d838446f59ea0903f4e26b237a	75199eeec9086b3a9cec9cbd8a38c988abd17256586365150b3fb644d65dab27	text
AetherionForaging/src/main/resources/plugin.yml	e384d9788c1a42c40ef9075021ac57dbe8d8ca0d84ffa1259e704ed36ab7951f	a08433c92c89ca3edc8a7cafc20ad2299cf2e26ef3e58e6bffa3a98f8b68176b	085d839f5d59541735910c3bff1f6677116a6617899772b4db70ac558b2bcafc	33076db855518415998fc8cf0be5cfbc732af5e009a9832f5c455d0e2c972a18	text
AetherionItems/src/main/java/de/aetherion/items/menu/dev/DevHubs.java	7058a044cb0766282f87e89d3e3617f8a2bc1b7fab19306bc3a378a52e1ea471	7058a044cb0766282f87e89d3e3617f8a2bc1b7fab19306bc3a378a52e1ea471	8e68f12885305c3296daa20fa0c2916b005882262c1dd80fb09220d5d74c0dbf	a70231a3c412b8ca24fa534e5191cdf7a0cefe55038e8b1d83bc3fd6b0584ff9	text
AetherionItems/src/main/java/de/aetherion/items/menu/dev/DevMenu.java	4f3dcf0391f5049ef9256e1708354971e71e6cc94b12cea3c72464dec0451c88	4f3dcf0391f5049ef9256e1708354971e71e6cc94b12cea3c72464dec0451c88	305c88195fe7ba333b42d22277613564c518b2ce979dca62a8dfe600d2cb02b2	b93bfc4d138e17d776e0dc12de48e4a552967aec72cb79bab61af48838d01d5d	text
AetherionItems/src/main/java/de/aetherion/items/skill/AetherSkill.java	a16455714edf305e23d8748be6eeab10e36898173d1e65c7a35414c95a46c7e0	146f9a03a35ebcece2c76fc5eed3ef45c17221e32174c6c617e5d6f1f502e678	802f51c12cd0aa1add9d93f0a06333d7085ec897a87d9e06c964280ec85bb9f6	673f770b538b4c25f7eb2e3979525127c4cdd074e63d250738a391708234bba6	text
AetherionItems/src/main/java/de/aetherion/items/skill/SkillFlavor.java	24f55a90ad94e9a0b297fb1604188e722bf3f42dbc167634ee833de7575019d2	d8840ee8bbda808b9f8b70f02da111f336c16adfdefa09c17123c07a385cb8b3	0dda26bfb9c8db220cda267c44aa601442e94aaeff90a144cc78c490c2095ff5	924ea63f840798c6eee601d6acdc05a159ed394c0891d9c690b126ce5da76867	text
AetherionItems/src/main/java/de/aetherion/items/skill/SkillMenu.java	02ffc3d0914c42c05536d134eccf35d9700525b189a5182d9fd9f0d9cdf54346	9f0ba39230cbe5c4db83ca968cfa7d31592ecbae80ee0fdfee38422cf94a2620	f0fe5c3a00f4cb73e88bbcf49301ec557d95e42956906187658234e02dca4aa0	81d117afcfe118e6aa96b9157727f34270f7d2a1855b0b212a37efa6626eca96	text
docs/FORAGING_ELDERVALE.md	NEW	NEW	83a7bc64801d492dd2a0018d4b04971175b842902db9d473e2eb67ac8b620281	01ba6e2e447297171275fbc45071b232eeb25ca2bd399ea23629ef6a53fc6f4e	text
docs/tools/forage_grove_bake.py	NEW	NEW	a3f76fdf85ff59d921454ca1a27448613e2aab0737918e739228ed8ded5e9f30	8fd1430bd5dbc4b78b576c8cb3f65b6e4a4f69475f1567ee32b643dbc17c508d	text
