# target (relative to checkout root)	source (in ship)	base_sha256 (NEW = must not exist)	base_sha256_lf	new_sha256	new_sha256_lf	kind	action (write | keep = verify only, never written)
AetherionHub/src/main/java/de/aetherion/hub/prop/PropCatalog.java	files/PropCatalog.java	3954c1857e43825c9efb1c2443c9ecc1fdac37463595361a8858c98f75987c2b	e272b1d5341d8b173167a579af78e44be95ae4fb7082d0c0e8e23d7f2a8d1db9	c0e74f5e03dad4ca8af5ec56b186affdcc17f034a22b69e89e909f5834c91f0a	6228d45819e46e04591df0df20f6b8d7ac64d9ea57bb23242cc2d3a2267ac6aa	text	write
AetherionHub/src/main/resources/props/ae_prop_fallen_log.schem	files/props/ae_prop_fallen_log.schem	NEW	NEW	43604e30bc79a5502e826a3306d0135128aa709924d4691390405c55d4606098	43604e30bc79a5502e826a3306d0135128aa709924d4691390405c55d4606098	binary	write
AetherionHub/src/main/resources/props/ae_prop_mossy_boulders.schem	files/props/ae_prop_mossy_boulders.schem	NEW	NEW	916bf1bfaaa6d3f95a69054d0096b353a1e9f61cd9ae077fc936345c6de7a23b	916bf1bfaaa6d3f95a69054d0096b353a1e9f61cd9ae077fc936345c6de7a23b	binary	write
AetherionHub/src/main/resources/props/ae_prop_lobster_pots.schem	files/props/ae_prop_lobster_pots.schem	NEW	NEW	035c03509810e59ab43a1365a7a50f575b4a14140caf10568b5f8cec97fbc6ed	035c03509810e59ab43a1365a7a50f575b4a14140caf10568b5f8cec97fbc6ed	binary	write
AetherionHub/src/main/resources/props/ae_prop_ore_carts.schem	files/props/ae_prop_ore_carts.schem	NEW	NEW	8a92a38d73725852a80f8eb2346a69c125af1c10c31f295abd56292bb48177b7	8a92a38d73725852a80f8eb2346a69c125af1c10c31f295abd56292bb48177b7	binary	write
AetherionHub/src/main/resources/props/ae_prop_signpost.schem	files/props/ae_prop_signpost.schem	NEW	NEW	8f630e39b70b31dbc1ab49ae995c814f13c7ee085e837b897d820e373d5b265c	8f630e39b70b31dbc1ab49ae995c814f13c7ee085e837b897d820e373d5b265c	binary	write
AetherionHub/src/main/resources/props/ae_prop_flower_cart.schem	files/props/ae_prop_flower_cart.schem	NEW	NEW	d0eaff66cf4d426411b0f31910cce1b4da1a258aee1f11aee0724bbccce9459d	d0eaff66cf4d426411b0f31910cce1b4da1a258aee1f11aee0724bbccce9459d	binary	write
AetherionHub/src/main/resources/props/ae_prop_overlook_bench.schem	files/props/ae_prop_overlook_bench.schem	NEW	NEW	291fa3e64972755ea87e0fe8b87790be7247abfa01a988323bdb079ed89a011d	291fa3e64972755ea87e0fe8b87790be7247abfa01a988323bdb079ed89a011d	binary	write
AetherionHub/src/main/resources/props/ae_prop_timber_stack.schem	files/props/ae_prop_timber_stack.schem	NEW	NEW	4a48d12b56443eb7912afb62a1d38e278d63c75125ef16bbef40eb71bdc911da	4a48d12b56443eb7912afb62a1d38e278d63c75125ef16bbef40eb71bdc911da	binary	write
AetherionHub/src/main/resources/props/ae_prop_quay_capstan.schem	files/props/ae_prop_quay_capstan.schem	NEW	NEW	0f698e19120478121a2266be662b60ca7e153a43b0964ca8121fe438444e2adb	0f698e19120478121a2266be662b60ca7e153a43b0964ca8121fe438444e2adb	binary	write
AetherionHub/src/main/resources/props/ae_prop_channel_marker.schem	files/props/ae_prop_channel_marker.schem	NEW	NEW	511859ffb1233fd6e6de1165a4951aa3b748223bb7ff2034275bf88d0bb76208	511859ffb1233fd6e6de1165a4951aa3b748223bb7ff2034275bf88d0bb76208	binary	write
AetherionHub/src/main/resources/props/ae_prop_anchor_monument.schem	files/props/ae_prop_anchor_monument.schem	NEW	NEW	6ab06d307a308f6c5dfd7819c5494683058b0be4802029ef42159b82de6b7f2b	6ab06d307a308f6c5dfd7819c5494683058b0be4802029ef42159b82de6b7f2b	binary	write
AetherionHub/src/main/resources/props/ae_fishing_pier.schem	files/props/ae_fishing_pier.schem	NEW	NEW	6d4ff0eb4303ee082f585700fcd55d2b05a548a5c1100d1edc9da8630c5e3767	6d4ff0eb4303ee082f585700fcd55d2b05a548a5c1100d1edc9da8630c5e3767	binary	write
AetherionHub/src/main/resources/props/ae_forest_standing_stones.schem	files/props/ae_forest_standing_stones.schem	NEW	NEW	c87a3647f2bdf338302090b06693719e1b3041f449bc24f617c740a5136fb994	c87a3647f2bdf338302090b06693719e1b3041f449bc24f617c740a5136fb994	binary	write
AetherionHub/src/main/resources/props/ae_harbour_lighthouse.schem	files/props/ae_harbour_lighthouse.schem	NEW	NEW	0a610ff1054d650288ac76b7ff02dfb718db1758ec39234756ae65476efd432a	0a610ff1054d650288ac76b7ff02dfb718db1758ec39234756ae65476efd432a	binary	write
AetherionHub/src/main/resources/props/ae_harbour_warehouse.schem	files/props/ae_harbour_warehouse.schem	NEW	NEW	84ae07c77754aa2a81330bba057998a38e4872263afde98e6c37edf9d873ca11	84ae07c77754aa2a81330bba057998a38e4872263afde98e6c37edf9d873ca11	binary	write
AetherionHub/src/main/resources/props/ae_moored_sloop.schem	files/props/ae_moored_sloop.schem	NEW	NEW	28b8d0917b626d1d634c197bdd99285f7b980f499028384e9e8889e90a3e9930	28b8d0917b626d1d634c197bdd99285f7b980f499028384e9e8889e90a3e9930	binary	write
AetherionHub/src/main/resources/props/ae_fishing_net_loft.schem	files/props/ae_fishing_net_loft.schem	NEW	NEW	0eb1137d8f2dd4244e3ed4eacc658e61a0a165fe6d9d6c3a34b611231db7bccb	0eb1137d8f2dd4244e3ed4eacc658e61a0a165fe6d9d6c3a34b611231db7bccb	binary	write
AetherionHub/src/main/resources/props/ae_mine_tipple.schem	files/props/ae_mine_tipple.schem	NEW	NEW	636288d973d4d62365d087ce6da0053647a22f86f2ba566230fae059a0e91d23	636288d973d4d62365d087ce6da0053647a22f86f2ba566230fae059a0e91d23	binary	write
AetherionHub/src/main/resources/props/ae_mine_smelter.schem	files/props/ae_mine_smelter.schem	NEW	NEW	24b220c28503d5f1fbf882b157cf299a42f587b707339d4c62d73ba1f27db466	24b220c28503d5f1fbf882b157cf299a42f587b707339d4c62d73ba1f27db466	binary	write
AetherionHub/src/main/resources/props/ae_forest_treehouse.schem	files/props/ae_forest_treehouse.schem	NEW	NEW	309f80c6a774c45e8a4e410cba2efec99334cfab05920abe66ae8e18e36b47b6	309f80c6a774c45e8a4e410cba2efec99334cfab05920abe66ae8e18e36b47b6	binary	write
AetherionHub/src/main/resources/props/ae_edge_windmill.schem	files/props/ae_edge_windmill.schem	NEW	NEW	6d5d55745540d1dcfd33a7c9c93f4484ba778da8da399ea49cac51a40cf2d388	6d5d55745540d1dcfd33a7c9c93f4484ba778da8da399ea49cac51a40cf2d388	binary	write
AetherionHub/src/main/resources/props/ae_edge_broken_bridge.schem	files/props/ae_edge_broken_bridge.schem	NEW	NEW	2d07b0c587ff3ce7da0d472b2e01a3690364feb4944a91c1e8d6667fb763caac	2d07b0c587ff3ce7da0d472b2e01a3690364feb4944a91c1e8d6667fb763caac	binary	write
AetherionHub/src/main/resources/props/ae_boathouse.schem	-	67e5f0dd93da901c77d5c230e65ed36aa8f60136ee7e4a2ecf603ff8a04e5c6e	67e5f0dd93da901c77d5c230e65ed36aa8f60136ee7e4a2ecf603ff8a04e5c6e	67e5f0dd93da901c77d5c230e65ed36aa8f60136ee7e4a2ecf603ff8a04e5c6e	67e5f0dd93da901c77d5c230e65ed36aa8f60136ee7e4a2ecf603ff8a04e5c6e	binary	keep
AetherionHub/src/main/resources/props/ae_cliff_overlook.schem	-	e74db324be90cf9ae7691c6cab5e74b88006d15dca41374bb5dd5932a637c7c9	e74db324be90cf9ae7691c6cab5e74b88006d15dca41374bb5dd5932a637c7c9	e74db324be90cf9ae7691c6cab5e74b88006d15dca41374bb5dd5932a637c7c9	e74db324be90cf9ae7691c6cab5e74b88006d15dca41374bb5dd5932a637c7c9	binary	keep
AetherionHub/src/main/resources/props/ae_dock_crane.schem	-	516ea3a1be9f2dd24b36e5a8a005efe9b4116123ae918c47cf621ce4e2fd2e74	516ea3a1be9f2dd24b36e5a8a005efe9b4116123ae918c47cf621ce4e2fd2e74	516ea3a1be9f2dd24b36e5a8a005efe9b4116123ae918c47cf621ce4e2fd2e74	516ea3a1be9f2dd24b36e5a8a005efe9b4116123ae918c47cf621ce4e2fd2e74	binary	keep
AetherionHub/src/main/resources/props/ae_forest_ruin_gate.schem	-	42a61c1f4ecfd4dad7f1869fb9d36788398d9cb50e6fca04b35d05e0ca0d30ef	42a61c1f4ecfd4dad7f1869fb9d36788398d9cb50e6fca04b35d05e0ca0d30ef	42a61c1f4ecfd4dad7f1869fb9d36788398d9cb50e6fca04b35d05e0ca0d30ef	42a61c1f4ecfd4dad7f1869fb9d36788398d9cb50e6fca04b35d05e0ca0d30ef	binary	keep
AetherionHub/src/main/resources/props/ae_harbour_watchtower.schem	-	19fa3289a8cb781e2db8b52fc4d407b72f4acf32bfdba2b5bcd9aeb8289da2c5	19fa3289a8cb781e2db8b52fc4d407b72f4acf32bfdba2b5bcd9aeb8289da2c5	19fa3289a8cb781e2db8b52fc4d407b72f4acf32bfdba2b5bcd9aeb8289da2c5	19fa3289a8cb781e2db8b52fc4d407b72f4acf32bfdba2b5bcd9aeb8289da2c5	binary	keep
AetherionHub/src/main/resources/props/ae_market_stall.schem	-	c8b7fc8c0368d18d7e0d94f0042e6941e26030ee787a44023645c94942071266	c8b7fc8c0368d18d7e0d94f0042e6941e26030ee787a44023645c94942071266	c8b7fc8c0368d18d7e0d94f0042e6941e26030ee787a44023645c94942071266	c8b7fc8c0368d18d7e0d94f0042e6941e26030ee787a44023645c94942071266	binary	keep
AetherionHub/src/main/resources/props/ae_mine_headframe.schem	-	aeeed78fa8042a83f85481915173e7a0a429f58df6e28930b77509dee22bcc11	aeeed78fa8042a83f85481915173e7a0a429f58df6e28930b77509dee22bcc11	aeeed78fa8042a83f85481915173e7a0a429f58df6e28930b77509dee22bcc11	aeeed78fa8042a83f85481915173e7a0a429f58df6e28930b77509dee22bcc11	binary	keep
AetherionHub/src/main/resources/props/ae_mine_mouth.schem	-	aa82655bee398c57836b76f18dcbe520c39bb93614f2315be6159ac3dae4da70	aa82655bee398c57836b76f18dcbe520c39bb93614f2315be6159ac3dae4da70	aa82655bee398c57836b76f18dcbe520c39bb93614f2315be6159ac3dae4da70	aa82655bee398c57836b76f18dcbe520c39bb93614f2315be6159ac3dae4da70	binary	keep
AetherionHub/src/main/resources/props/ae_prop_cargo_stack.schem	-	c6625fbf8e8c315db651d0cbbe3272a9fd2e17318c0215015713b7f5ff44498a	c6625fbf8e8c315db651d0cbbe3272a9fd2e17318c0215015713b7f5ff44498a	c6625fbf8e8c315db651d0cbbe3272a9fd2e17318c0215015713b7f5ff44498a	c6625fbf8e8c315db651d0cbbe3272a9fd2e17318c0215015713b7f5ff44498a	binary	keep
AetherionHub/src/main/resources/props/ae_prop_fish_rack.schem	-	e0f24b12730836f41832b971b51422f4a265fc33273754c56e1f8ff2c910ba9a	e0f24b12730836f41832b971b51422f4a265fc33273754c56e1f8ff2c910ba9a	e0f24b12730836f41832b971b51422f4a265fc33273754c56e1f8ff2c910ba9a	e0f24b12730836f41832b971b51422f4a265fc33273754c56e1f8ff2c910ba9a	binary	keep
AetherionHub/src/main/resources/props/ae_prop_forest_campsite.schem	-	dfaa5ce1938327e66da0e621d0edc31a95273075d37ddb39bd5025fc820aef35	dfaa5ce1938327e66da0e621d0edc31a95273075d37ddb39bd5025fc820aef35	dfaa5ce1938327e66da0e621d0edc31a95273075d37ddb39bd5025fc820aef35	dfaa5ce1938327e66da0e621d0edc31a95273075d37ddb39bd5025fc820aef35	binary	keep
AetherionHub/src/main/resources/props/ae_prop_lantern_post.schem	-	92de1a8794f0a3415544f3c7bacd5263176c19a0fbcd4559cee654c9e0cd7ffb	92de1a8794f0a3415544f3c7bacd5263176c19a0fbcd4559cee654c9e0cd7ffb	92de1a8794f0a3415544f3c7bacd5263176c19a0fbcd4559cee654c9e0cd7ffb	92de1a8794f0a3415544f3c7bacd5263176c19a0fbcd4559cee654c9e0cd7ffb	binary	keep
AetherionHub/src/main/resources/props/ae_prop_notice_board.schem	-	00c152dc94adfbc72a5bdb42fe9b2682ff1a5dd6f5e52adbfb74cd8de225d0af	00c152dc94adfbc72a5bdb42fe9b2682ff1a5dd6f5e52adbfb74cd8de225d0af	00c152dc94adfbc72a5bdb42fe9b2682ff1a5dd6f5e52adbfb74cd8de225d0af	00c152dc94adfbc72a5bdb42fe9b2682ff1a5dd6f5e52adbfb74cd8de225d0af	binary	keep
AetherionHub/src/main/resources/props/ae_prop_ore_heap.schem	-	5b41a0172b7a1b427d4a5e03a5a0e68745671c2723a9741f4d9a7fb11891e2b7	5b41a0172b7a1b427d4a5e03a5a0e68745671c2723a9741f4d9a7fb11891e2b7	5b41a0172b7a1b427d4a5e03a5a0e68745671c2723a9741f4d9a7fb11891e2b7	5b41a0172b7a1b427d4a5e03a5a0e68745671c2723a9741f4d9a7fb11891e2b7	binary	keep
AetherionHub/src/main/resources/props/ae_prop_wayside_shrine.schem	-	721028f61682e1170556a7522f94179d685e76eb24725ff4edca17043848368c	721028f61682e1170556a7522f94179d685e76eb24725ff4edca17043848368c	721028f61682e1170556a7522f94179d685e76eb24725ff4edca17043848368c	721028f61682e1170556a7522f94179d685e76eb24725ff4edca17043848368c	binary	keep
AetherionHub/src/main/resources/props/ae_prop_well.schem	-	3603e4f64bd369987506493bc1556cbc29579d44e74d81c2253dc52b9cb5b5bf	3603e4f64bd369987506493bc1556cbc29579d44e74d81c2253dc52b9cb5b5bf	3603e4f64bd369987506493bc1556cbc29579d44e74d81c2253dc52b9cb5b5bf	3603e4f64bd369987506493bc1556cbc29579d44e74d81c2253dc52b9cb5b5bf	binary	keep
AetherionHub/src/main/resources/props/ae_ranger_hut.schem	-	3073d2b107c08d481e10551291ed78688cde9fab733f7a67e93054d3552ef648	3073d2b107c08d481e10551291ed78688cde9fab733f7a67e93054d3552ef648	3073d2b107c08d481e10551291ed78688cde9fab733f7a67e93054d3552ef648	3073d2b107c08d481e10551291ed78688cde9fab733f7a67e93054d3552ef648	binary	keep
AetherionHub/src/main/resources/props/ae_stone_bridge.schem	-	e5750239f18f18f996fc1e89f57362759627911988b9692a10146ac5db419877	e5750239f18f18f996fc1e89f57362759627911988b9692a10146ac5db419877	e5750239f18f18f996fc1e89f57362759627911988b9692a10146ac5db419877	e5750239f18f18f996fc1e89f57362759627911988b9692a10146ac5db419877	binary	keep
AetherionHub/src/main/java/de/aetherion/hub/prop/PropWand.java	-	78ee2db449148a8ddc07c7533913eaaff92398f844e251cef467952be8e0d9e6	309233bb5617095bdf19f2ef802f7164b21e9a1264d5a48f730cb3b9a01382aa	78ee2db449148a8ddc07c7533913eaaff92398f844e251cef467952be8e0d9e6	309233bb5617095bdf19f2ef802f7164b21e9a1264d5a48f730cb3b9a01382aa	text	keep
AetherionHub/src/main/java/de/aetherion/hub/prop/PropWandListener.java	-	ee165ce33bfa1fd19a6413fa0e6a9564d1b5d724a36ae41aa0ef0ab850d91c0a	2aa1730c85b3fd6a3ccea69e5983ff98a6703412a254b28929edf5ecf1d8a359	ee165ce33bfa1fd19a6413fa0e6a9564d1b5d724a36ae41aa0ef0ab850d91c0a	2aa1730c85b3fd6a3ccea69e5983ff98a6703412a254b28929edf5ecf1d8a359	text	keep
